TransactionAmount,CustomerAge,TransactionDuration,LoginAttempts,AccountBalance,TransactionAmount_Encoded,Target
-0.9705457776964133,1.4198617381496486,-0.5483933775337999,-0.2046294076264745,-0.0003151297671230473,94,2
0.2689630980830924,1.307715254857371,0.3079597138762569,-0.2046294076264745,2.2183807457903577,1595,1
-0.5865256317280008,-1.439873585803431,-0.9052071656213235,-0.2046294076264745,-1.0240913595486316,774,0
-0.3872937895103424,-1.0473608942804593,-1.347656262849853,-0.2046294076264745,0.8866936524759148,1006,0
-0.7033745424531488,-1.4959468274495697,0.7504088111047863,-0.2046294076264745,-1.111505416232241,597,2
-0.9945384802208211,-0.4305552361729324,0.27941461082925506,-0.2046294076264745,2.1049146470276483,37,2
-0.43206191347885253,1.251642013211232,2.448842442401399,-0.2046294076264745,-0.5945803508242731,960,0
-0.6551837790375048,0.35447014687301104,-0.47703061991629514,-0.2046294076264745,1.0216828999591487,672,2
1.773966115776767,0.5787631134575663,0.008236131882737053,-0.2046294076264745,-1.049871411431692,2088,1
-0.9579162381364895,0.41054338851914984,-0.8623895110508207,-0.2046294076264745,0.6379149971290198,119,2
-0.36840081976216377,-1.3277271025111534,0.7646813626282872,-0.2046294076264745,-0.9197959490938808,1028,0
0.6737928918900782,-1.159507377572737,-0.12021683182877146,-0.2046294076264745,-0.8963919625082934,1809,1
1.6569118466847907,-1.0473608942804593,0.051053786453239894,-0.2046294076264745,-1.2634068088295642,2071,1
-0.4472242062296552,-1.4959468274495697,0.20805185321175032,-0.2046294076264745,-1.235119828441502,937,0
0.5742967631618986,-0.4866284778190712,0.13668909559424558,-0.2046294076264745,-0.4228416355328183,1765,1
0.8835322372104373,-1.439873585803431,0.550593089775773,-0.2046294076264745,-1.021805102334756,1880,1
0.6683508951691355,-0.31840875288065473,1.635307005561845,-0.2046294076264745,-0.0008899015021489268,1806,1
-0.954835862634069,0.8030560800421215,-0.1915795894462762,-0.2046294076264745,0.7274279970235721,130,2
-0.7741204998254043,-1.4959468274495697,0.7075911565342834,-0.2046294076264745,0.37338400391906984,475,2
-0.8157397955025515,1.4759349797957872,-1.1621130930443406,-0.2046294076264745,0.16356666118214688,410,2
-0.7252109821258625,-0.37448199452679354,-0.3771227592517885,-0.2046294076264745,1.0347820504382,572,2
-0.8401089883661441,-0.31840875288065473,0.008236131882737053,-0.2046294076264745,0.9908376721611724,355,2
-0.5206398223706753,-1.3277271025111534,-0.33430510468128566,-0.2046294076264745,-0.8166064610400058,859,0
-0.9931351980474963,1.1394955299189544,2.234754169548885,-0.2046294076264745,-0.37944380359311447,39,2
-0.8807699449980937,-0.4305552361729324,-0.34857765620478665,-0.2046294076264745,-0.6227339020595613,283,2
-0.5825553699693257,-0.03804254464996068,1.10722259919231,-0.2046294076264745,-0.8573793309934081,779,0
-0.8265211097610229,-0.9912876526343205,2.3346620302133916,-0.2046294076264745,-0.9652439712848602,389,2
-0.9218758447581705,0.8030560800421215,-1.4190190204673576,-0.2046294076264745,0.8264991429581763,200,2
-0.8164243233919781,-0.8791411693420429,1.9635756906023667,-0.2046294076264745,1.2086120111048604,409,2
1.985656365581992,-1.2716538608650145,0.4364126775877655,-0.2046294076264745,-1.2096990088928328,2121,1
-0.14510782223115476,0.018030696996178132,-0.9908424747623292,-0.2046294076264745,2.4895908944747385,1254,0
-0.5917622700821156,0.24232366358073337,-1.0622052323798339,-0.2046294076264745,0.16711536345688288,765,0
-0.7513599475019647,-1.0473608942804593,0.3650499199702607,-0.2046294076264745,-1.080988629425708,523,2
0.12996971013498876,0.5787631134575663,1.378401078138828,-0.2046294076264745,-1.0505103317978595,1499,1
0.10546361169351084,1.0273490466266768,-0.006036419640763895,-0.2046294076264745,-0.20265274211297196,1472,1
-0.9023325735150366,-0.37448199452679354,-1.4332915719908585,-0.2046294076264745,2.3352775133465027,237,2
-0.19247715217948655,0.6909095967498439,-0.04885407421126674,-0.2046294076264745,2.1152579723128695,1212,0
-0.8294303532910866,-1.439873585803431,-0.03458152268776579,-0.2046294076264745,-1.2500382340997198,380,2
0.022772642650758162,-0.9912876526343205,-1.2334758506618453,-0.2046294076264745,-1.0891996542117928,1403,0
0.4710015046474005,1.6441547047342038,-0.41994041382229136,-0.2046294076264745,-0.11294216443450432,1721,1
-0.4557808048474897,-1.0473608942804593,-0.6340286866748056,-0.2046294076264745,-0.9248098061038839,925,0
0.7275967839990216,-1.439873585803431,-0.20585214096977716,-0.2046294076264745,-1.1115002843417499,1834,1
1.1268819019016505,-1.0473608942804593,0.2651420593057541,-0.2046294076264745,-1.2439518119770345,1948,1
-0.9434384732751135,-0.20626226958837712,0.7932264656752891,-0.2046294076264745,-0.9695034403926416,154,2
0.43701469493736184,1.3637884965035096,0.022508683406238,-0.2046294076264745,-0.30942685567502204,1696,1
0.4343450361685976,0.35447014687301104,2.063483551266873,-0.2046294076264745,0.018067301972724367,1693,1
-0.7263746795378879,1.251642013211232,0.3650499199702607,-0.2046294076264745,2.5124355049967737,570,2
-0.4386333812173494,-0.9352144109881817,0.32223226539975786,-0.2046294076264745,-1.0763006474619026,949,0
-0.660660002152919,0.971275804980538,-0.41994041382229136,-0.2046294076264745,-0.1631063939869911,667,2
0.06603480526252935,-1.1034341359265982,-0.5198482744867979,-0.2046294076264745,-0.9723413758343322,1440,1
-0.8115641753770483,0.6909095967498439,-0.9622973717153274,-0.2046294076264745,-0.40503654147324253,415,2
-0.017443370853063984,1.307715254857371,-0.8338444080038188,-0.2046294076264745,-0.12189987928707366,1362,0
0.30414783159962777,0.18625042193459457,-1.3048386082793502,-0.2046294076264745,0.1327034717674505,1620,1
-0.6351955646662435,-1.2155806192188758,-0.9765699232388283,-0.2046294076264745,-1.0733703379913686,699,2
0.9270682109779793,0.07410393864231694,0.46495778063476734,-0.2046294076264745,0.09916656740678548,1893,1
0.17792088878933324,0.18625042193459457,1.5211265933738374,-0.2046294076264745,0.3946890472937141,1536,1
1.0396045959997386,0.6348363551037051,-0.2201246924932781,-0.2046294076264745,0.8582706769898336,1927,1
-0.9990221378965665,0.2983969052268722,0.06532633797674084,-0.2046294076264745,2.2771947767659357,33,2
-0.3296907676150805,-0.15018902794223832,0.9502245324337996,-0.2046294076264745,-0.6487654165766956,1066,0
0.002613296307140128,0.6348363551037051,1.5068540418503364,-0.2046294076264745,-0.5385118812615421,1382,0
0.764629742817009,-1.1034341359265982,0.12241654407074462,-0.2046294076264745,-0.8113565370674028,1849,1
-0.6173636131466764,0.8591293216882603,-1.4761092265613613,-0.2046294076264745,-0.3714637138791383,727,0
-0.37148119526458423,-0.7109214444036265,-0.23439724401677905,-0.2046294076264745,-1.0613848077489303,1024,0
-0.5616772693418094,-0.03804254464996068,1.4354912842328318,-0.2046294076264745,-0.3251458362498831,803,0
-0.528614572282497,-0.54270171946521,0.22232440473525125,-0.2046294076264745,0.32366368289408065,852,0
-0.9339919884010243,0.971275804980538,-0.9194797171448245,-0.2046294076264745,0.1931058228500869,175,2
-0.21814694803299006,-1.0473608942804593,2.2918443756428886,-0.2046294076264745,0.3654372714932871,1190,0
-0.22430769903783082,-0.4305552361729324,-0.9765699232388283,-0.2046294076264745,0.40450378785833113,1182,0
-0.7054965789103718,-0.03804254464996068,-0.7196639958158112,-0.2046294076264745,2.4537138480500387,592,2
-0.6070614684108036,-1.439873585803431,-0.6054835836278036,-0.2046294076264745,-0.962498409872013,742,0
-0.4223758438434638,0.2983969052268722,-0.7482090988628132,-0.2046294076264745,1.3894341725659216,970,0
-0.38999767467357804,-0.37448199452679354,-0.24866979554028,-0.2046294076264745,-1.1703066174815908,1005,0
0.1633746711390146,0.7469828383959827,-0.5626659290573008,-0.2046294076264745,0.3434573845190364,1520,1
-0.12919254880198247,0.24232366358073337,0.7218637080577844,-0.2046294076264745,0.5294627553763134,1268,0
-0.48925421864045826,-0.5987749611113489,0.5363205382522721,-0.2046294076264745,-0.9211020152239173,895,0
-0.9347107426849223,1.0834222882728155,-0.7196639958158112,-0.2046294076264745,1.2204897716469814,174,2
0.9255280232267693,0.18625042193459457,-0.06312662573476768,-0.2046294076264745,1.3967394186802913,1892,1
-0.9858792024195726,0.7469828383959827,0.8503166717692929,-0.2046294076264745,1.9938605367958515,57,2
0.3261896296391694,-1.159507377572737,-0.2772148985872819,-0.2046294076264745,-1.1089471688223267,1640,1
1.4350221313271063,0.8591293216882603,-1.2192032991383444,-0.2046294076264745,-0.2692749444710674,2016,1
-0.2293047526306462,-1.3277271025111534,0.22232440473525125,-0.2046294076264745,-1.1534919782868365,1176,0
1.1859908851536511,-0.8791411693420429,-0.6768463412453084,-0.2046294076264745,-1.0186592534635874,1973,1
0.7222574664614928,0.35447014687301104,0.10814399254724368,-0.2046294076264745,0.6658555749089188,1832,1
1.920010140985966,-0.9912876526343205,0.9359519809102986,-0.2046294076264745,-0.8314889434647845,2109,1
-0.9319726311272152,0.6909095967498439,-0.5912110321043027,-0.2046294076264745,-1.2604944609757498,179,2
-0.5135207323206369,1.4759349797957872,0.19377930168824936,-0.2046294076264745,-0.7691775291193835,867,0
-0.6250987782971988,-0.4305552361729324,0.7932264656752891,-0.2046294076264745,0.6492410794433253,712,0
0.2933665173411564,-0.8230679276959041,-1.361928814373354,-0.2046294076264745,0.9721062718679164,1612,1
-0.6815038763859638,-1.3838003441572921,0.6790460534872815,-0.2046294076264745,1.0956565354460361,630,2
-0.733870259927111,0.5787631134575663,0.6362283989167787,-0.2046294076264745,-1.0089625463802703,556,2
-0.3473858135567623,-0.9912876526343205,0.3793224714937617,-0.2046294076264745,1.1047476794513795,1048,0
-0.5740329977459625,-0.7109214444036265,1.649579557085346,-0.2046294076264745,0.7291086911594739,787,0
0.031637278818834616,0.07410393864231694,-0.9765699232388283,-0.2046294076264745,1.1045475357222185,1412,0
-0.6252356838750841,0.8030560800421215,-0.5626659290573008,-0.2046294076264745,0.2646110190106572,711,0
1.5707640118004331,-0.9912876526343205,-1.4618366750378604,-0.2046294076264745,-1.2041437374359973,2047,1
0.7054180803815945,-1.2716538608650145,-1.2049307476148434,-0.2046294076264745,-1.1971720642035621,1819,1
-0.5292306473829811,1.0273490466266768,0.3935950230172626,-0.2046294076264745,0.7359161438961873,851,0
-0.1783758776572953,-1.1034341359265982,0.8645892232927939,-0.2046294076264745,-1.059319221826181,1223,0
-0.1481539713391038,0.35447014687301104,0.7789539141517882,-0.2046294076264745,0.95859143825907,1249,0
-0.2871473592872074,1.868447671318759,2.3203894786898904,-0.2046294076264745,-0.40662999347079215,1116,0
0.10337580163075918,-0.26233551123451593,-0.2201246924932781,-0.2046294076264745,-1.1888737972791252,1469,1
-1.0102141688886939,0.13017718028845576,-0.17730703792277525,-0.2046294076264745,1.8043295571710494,12,2
0.008294877789382126,1.307715254857371,-1.033660129332832,-0.2046294076264745,2.1639416514586154,1387,0
0.37646820311756496,-1.0473608942804593,-0.8195718564803178,-0.2046294076264745,0.8296218983221342,1658,1
-0.6223264403450205,-0.31840875288065473,0.6790460534872815,-0.2046294076264745,0.3509191532933909,716,0
-0.8354199723235708,1.3637884965035096,0.022508683406238,-0.2046294076264745,-0.8883579879441587,364,2
-0.8019807849250735,0.07410393864231694,0.6505009504402797,-0.2046294076264745,1.5553481921497476,428,2
0.0691836335538925,-0.9912876526343205,-0.4056678622987904,-0.2046294076264745,-1.274745720870098,1444,1
0.11634760513539616,-0.20626226958837712,-0.8338444080038188,-0.2046294076264745,-0.24142160882952046,1482,1
-1.001520664692974,0.6348363551037051,-1.1192954384738378,-0.2046294076264745,0.11416451736761844,26,2
-0.28447770051844307,1.4198617381496486,1.8208501753673574,-0.2046294076264745,1.5493413143296775,1118,0
1.030739959831662,0.6909095967498439,0.550593089775773,-0.2046294076264745,-0.9488655427818666,1926,1
1.8606273465781944,-1.0473608942804593,-0.5626659290573008,-0.2046294076264745,-1.0288922431032455,2100,1
-0.8881970725983741,-1.0473608942804593,-0.16303448639927431,-0.2046294076264745,-1.2341575989743827,269,2
-0.5918991756600009,-0.6548482027574877,-0.20585214096977716,-0.2046294076264745,0.3069799069068547,763,0
0.01640653327908925,1.868447671318759,-1.1335679899973388,-0.2046294076264745,0.005175993058571065,1396,0
-0.30672485692481277,0.13017718028845576,2.191936514978382,-0.2046294076264745,1.0857904759765058,1092,0
-0.9990221378965665,-1.2155806192188758,1.920758036031864,-0.2046294076264745,-1.025215243566227,33,2
0.28638433286900333,0.6348363551037051,-0.6340286866748056,-0.2046294076264745,1.7248057821178182,1608,1
-0.9634609140408461,0.2983969052268722,0.06532633797674084,-0.2046294076264745,2.383181145137571,104,2
0.6449058149562689,-1.4959468274495697,-0.7339365473393122,-0.2046294076264745,-0.8633759450324956,1792,1
0.1325709161148104,-1.3277271025111534,-1.4475641235143595,-0.2046294076264745,-1.0553676661478777,1503,1
-0.21592223239235306,-1.2155806192188758,0.008236131882737053,-0.2046294076264745,-1.2443444015996192,1191,0
-0.9982349308237256,-0.8230679276959041,1.8065776238438565,-0.2046294076264745,0.08450219032788726,35,2
-0.24135244348455723,-1.4959468274495697,2.4916600969719016,-0.2046294076264745,-1.2243402924645201,1164,0
-0.21876302313347407,1.1955687715650931,-1.4618366750378604,-0.2046294076264745,-1.0383990702383843,1189,0
-0.8618427488554438,-1.3838003441572921,-0.39139531077528944,-0.2046294076264745,-0.8863514187620591,307,2
0.40333592277756536,1.1955687715650931,0.3079597138762569,-0.2046294076264745,1.2830295551192452,1672,1
-0.10917010803624985,0.5226898718114275,-0.39139531077528944,-0.2046294076264745,-0.1712173469084954,1285,0
-0.7812395898754427,1.9805941546110366,-0.09167172878176957,-0.2046294076264745,0.34366522608393424,467,2
0.12072858362772752,-0.54270171946521,2.477387545448401,-0.2046294076264745,-0.5966433708017769,1489,1
-0.10184565961938358,-1.3838003441572921,0.5791381928227749,-0.2046294076264745,-1.1591088324295677,1290,0
0.6789610774552501,0.9152025633343992,2.0777561027903744,-0.2046294076264745,1.9991848731805784,1811,1
0.269031550872035,-0.4305552361729324,1.7923050723203555,-0.2046294076264745,1.013281995224886,1596,1
-0.7346232406054805,-0.4866284778190712,0.7361362595812854,-0.2046294076264745,0.9997235405468633,554,2
-0.6995754126668303,-1.3838003441572921,-0.6768463412453084,-0.2046294076264745,-1.016432012990362,603,2
1.7308750851373522,1.307715254857371,0.13668909559424558,-0.2046294076264745,1.8102568906885044,2084,1
-0.8963771808770238,-1.2155806192188758,0.03678123492973895,-0.2046294076264745,-1.155080298393895,248,2
-0.9211228640798013,0.971275804980538,-0.2914874501107828,-0.2046294076264745,0.9127302988835408,204,2
-0.5412098854479493,0.46661663016528865,0.8217715687222911,-0.2046294076264745,1.2792319561556813,838,0
0.03393044724841432,-0.6548482027574877,2.3632071332603934,-0.2046294076264745,0.049856797621100624,1414,0
-0.8111876850378634,0.6348363551037051,-0.9480248201918264,-0.2046294076264745,-1.0433539105077374,416,2
-0.7625519784940922,1.4198617381496486,0.07959888950024178,-0.2046294076264745,0.4639336456928654,502,2
-0.22502645332172896,-0.5987749611113489,0.6505009504402797,-0.2046294076264745,-1.283146625604361,1180,0
-0.5867994428837716,1.7002279463803425,2.1205737573608774,-0.2046294076264745,0.14272348795171966,773,0
0.022909548228643585,-0.7669946860497653,-1.1906581960913425,-0.2046294076264745,-0.27105057858105824,1404,0
-0.05409983933186691,-1.2716538608650145,-0.14876193487577336,-0.2046294076264745,-0.9051264401244912,1328,0
1.6436320056299116,-0.7669946860497653,-1.4618366750378604,-0.2046294076264745,0.4393185329513307,2067,1
-0.6108605981971221,0.6348363551037051,-0.33430510468128566,-0.2046294076264745,0.10342347056932134,737,0
-0.4123132838688905,1.7563011880264814,-1.0907503354268357,-0.2046294076264745,0.05898129891463745,981,0
-0.12587258853826278,-1.2716538608650145,-1.1906581960913425,-0.2046294076264745,-1.080362538785769,1271,0
-0.4387360604007634,-1.159507377572737,-1.4332915719908585,-0.2046294076264745,-0.8486294577057365,948,0
-0.7681308807929202,-1.0473608942804593,-1.5046543296083634,-0.2046294076264745,-1.1099504534133764,487,2
1.6939105791083073,-1.439873585803431,0.6362283989167787,-0.2046294076264745,-1.114407500305073,2076,1
-0.20739986016898987,1.4759349797957872,-1.047932680856333,-0.2046294076264745,-1.0085879183744053,1200,0
-0.9018191775979665,0.5226898718114275,-0.9337522686683254,-0.2046294076264745,-1.1256514723715179,240,2
1.5148380832342667,-0.20626226958837712,0.051053786453239894,-0.2046294076264745,2.3993799574733683,2037,1
0.5335331273465351,0.7469828383959827,-0.534120826010299,-0.2046294076264745,1.7789343970748361,1753,1
0.009629707173764457,1.5880814630880649,-0.2772148985872819,-0.2046294076264745,0.7113318224976004,1388,0
-0.639097373635976,-1.439873585803431,1.1643128052863136,-0.2046294076264745,-0.8111179041595573,690,2
-0.32845861741411236,0.8030560800421215,2.5630228545894065,-0.2046294076264745,0.5683778809718641,1069,0
0.3475811261837557,0.8030560800421215,-0.14876193487577336,-0.2046294076264745,-0.48831172847561627,1650,1
1.1387242343887336,0.971275804980538,-0.9622973717153274,-0.2046294076264745,-0.9621751007710609,1952,1
-0.9813270919548847,0.8591293216882603,1.7923050723203555,-0.2046294076264745,-0.9933923906296571,66,2
-0.27982291087034106,-0.37448199452679354,1.649579557085346,-0.2046294076264745,0.708160314173975,1126,0
-0.24398787585885018,0.24232366358073337,0.3079597138762569,-0.2046294076264745,1.2128201613077292,1162,0
0.5039272961288277,-0.0941157862960995,-0.26294234706378095,-0.2046294076264745,1.3380870422551894,1739,1
-0.058480817824198277,-1.1034341359265982,-1.361928814373354,-0.2046294076264745,-1.236836445810843,1324,0
0.6533255079962181,0.41054338851914984,0.1795067501647484,-0.2046294076264745,0.6089480412508599,1798,1
-1.0074760573309869,0.2983969052268722,0.16523419864124747,-0.2046294076264745,1.609343377953992,14,2
-0.33633068814252015,1.3637884965035096,0.6505009504402797,-0.2046294076264745,0.5520251119213271,1060,0
-0.9490858283628842,0.971275804980538,-0.6340286866748056,-0.2046294076264745,-0.6032429819735925,141,2
0.6689669702696196,0.46661663016528865,1.663852108608847,-0.2046294076264745,0.5951843109531852,1807,1
0.03338282493687302,-1.439873585803431,-1.5046543296083634,-0.2046294076264745,-1.040859811728964,1413,0
-0.9805056584875725,-0.0941157862960995,0.5934107443462758,-0.2046294076264745,0.21642513324256774,70,2
0.055321943793000566,0.8030560800421215,0.4506852291112664,-0.2046294076264745,0.5512040094427186,1432,1
-0.5362470582496054,0.8591293216882603,-0.2772148985872819,-0.2046294076264745,0.773386642318436,842,0
-0.032913701154108695,1.307715254857371,-0.8052993049568169,-0.2046294076264745,-0.8635478633639543,1345,0
1.7212232418964348,-0.7669946860497653,-0.16303448639927431,-0.2046294076264745,1.1666793339004236,2082,1
0.6430575896548167,0.07410393864231694,0.33650481692325884,-0.2046294076264745,0.3228143550177701,1791,1
0.7649377803672512,0.5226898718114275,1.349855975091826,-0.2046294076264745,1.1108058761763624,1850,1
0.024894679107981134,1.1394955299189544,0.550593089775773,-0.2046294076264745,2.1599567384921183,1406,0
0.4600832848110437,-0.26233551123451593,0.3650499199702607,-0.2046294076264745,1.6389158969101256,1712,1
1.3572255366937556,0.9152025633343992,-0.6768463412453084,-0.2046294076264745,-0.9555754895992453,2003,1
-0.6188011217144725,0.5787631134575663,0.7361362595812854,-0.2046294076264745,0.4087863504733236,722,0
-0.7624835257051495,-1.1034341359265982,1.1785853568098148,-0.2046294076264745,-1.204138605545506,503,2
2.0281997739098654,-0.6548482027574877,0.5934107443462758,-0.2046294076264745,0.00705426497838812,2131,1
0.21772618555949932,1.0273490466266768,0.8645892232927939,-0.2046294076264745,0.7267095323547896,1562,1
-0.5684883218416057,-0.03804254464996068,-1.105022886950337,-0.2046294076264745,0.19503797962006242,793,0
0.6429549104714026,1.7563011880264814,-1.1763856445678416,-0.2046294076264745,-0.5231931881450027,1790,1
0.8563907063946664,1.0834222882728155,0.16523419864124747,-0.2046294076264745,0.26745408634283907,1875,1
0.5464022516677582,-0.9352144109881817,-1.4903817780848623,-0.2046294076264745,0.8223474435507125,1757,1
0.7139062262104864,0.7469828383959827,-0.791026753433316,-0.2046294076264745,-1.253040390037132,1826,1
0.6466513610743071,0.6909095967498439,-0.006036419640763895,-0.2046294076264745,-0.6671144910283495,1793,1
-0.4585531427996681,-0.20626226958837712,2.4631149939248997,-0.2046294076264745,1.276971358394262,923,0
0.9720074669188461,-1.2716538608650145,0.80749901719879,-0.2046294076264745,-1.1888660994433882,1904,1
-0.8407592898610995,0.18625042193459457,-0.49130317143979607,-0.2046294076264745,-1.0244685534997424,353,2
1.1383135176550776,-1.3277271025111534,-0.8195718564803178,-0.2046294076264745,-1.2169324085403241,1951,1
0.7738024165353279,-0.0941157862960995,0.564865641299274,-0.2046294076264745,2.151573795374575,1853,1
-0.274346687754927,0.07410393864231694,-1.2049307476148434,-0.2046294076264745,-0.5275681247888384,1130,0
-0.7056677108827284,0.35447014687301104,0.3079597138762569,-0.2046294076264745,2.522155305587302,590,2
-1.000801910409076,-0.31840875288065473,-1.0051150262858302,-0.2046294076264745,2.3170182469784466,28,2
-0.8338455581778892,0.6348363551037051,0.5934107443462758,-0.2046294076264745,0.4164174716338911,366,2
1.5027903923803558,0.18625042193459457,-1.5617445357023672,-0.2046294076264745,-0.4619646026932666,2031,1
0.2438751509356017,0.5226898718114275,-1.5046543296083634,-0.2046294076264745,-1.099181181217377,1580,1
-0.9056183073842851,0.46661663016528865,0.7218637080577844,-0.2046294076264745,-0.9167014191276252,230,2
-0.7911652442721308,-0.7109214444036265,0.3507773684467598,-0.2046294076264745,0.43795345008064396,448,2
-0.4126897742080751,-0.54270171946521,-0.49130317143979607,-0.2046294076264745,2.145566917554505,980,0
0.9955894527095979,-0.7109214444036265,0.1509616471177465,-0.2046294076264745,-1.1287562661187562,1917,1
-0.4249428234288142,-1.3277271025111534,2.3203894786898904,-0.2046294076264745,-0.9767342740948876,967,0
-0.7506754196125379,0.6348363551037051,0.9930421870043024,-0.2046294076264745,0.5495977277189408,524,2
-0.8796062475860682,0.8030560800421215,0.5220479867287712,-0.2046294076264745,-1.016011197970075,285,2
-0.6860217604561805,1.81237442967262,-0.9194797171448245,-0.2046294076264745,0.39369089459315565,620,2
-0.9021614415426799,-1.2716538608650145,-0.5483933775337999,-0.2046294076264745,0.9227990680274774,239,2
0.665373198850129,-1.2155806192188758,-0.6483012381983065,-0.2046294076264745,-1.0919477815698855,1804,1
1.8631258733746021,0.46661663016528865,0.9359519809102986,-0.2046294076264745,-1.181358143654612,2102,1
-0.7670356361698374,0.35447014687301104,0.550593089775773,-0.2046294076264745,-0.5905210254456523,490,2
1.5842492112221402,0.6909095967498439,-0.020308971164264843,-0.2046294076264745,0.2736508441110873,2054,1
0.25339008859863354,1.251642013211232,0.33650481692325884,-0.2046294076264745,-0.4180227903614847,1584,1
-0.2693496341621116,-1.4959468274495697,-1.5189268811318644,-0.2046294076264745,-1.1185540678220458,1136,0
-0.24049678362277377,-1.4959468274495697,-0.776754201909815,-0.2046294076264745,-1.1193546427386891,1166,0
-0.2042168054831554,-0.31840875288065473,-0.47703061991629514,-0.2046294076264745,0.8715622733623082,1205,0
-0.38010624667136145,0.7469828383959827,-1.5189268811318644,-0.2046294076264745,-0.9249509330923946,1016,0
0.14886267988316726,-1.4959468274495697,0.40786757454076356,-0.2046294076264745,-1.180865482167447,1509,1
0.4686398834288782,0.8030560800421215,1.364128526615327,-0.2046294076264745,1.9334094327535478,1718,1
0.0521046627126948,0.5226898718114275,-1.0764777839033348,-0.2046294076264745,-1.2522398151204888,1429,1
-0.7615594130544233,-1.2155806192188758,0.49350288368176926,-0.2046294076264745,-1.031642936406584,505,2
-0.9390232683883108,0.8030560800421215,0.5934107443462758,-0.2046294076264745,0.40996411934107746,169,2
-0.8566061105013291,-1.1034341359265982,-0.8338444080038188,-0.2046294076264745,-1.1942083974448345,320,2
0.7363929673781552,1.9245209129648977,-1.276293505232348,-0.2046294076264745,0.4826291227526823,1837,1
0.6519906786118358,-0.0941157862960995,0.6933186050107825,-0.2046294076264745,0.5023227525130576,1797,1
-0.9748925297942731,-0.03804254464996068,0.5220479867287712,-0.2046294076264745,1.00886600345712,83,2
0.8154559386069461,-0.0941157862960995,-1.3904739174203558,-0.2046294076264745,1.1620349730057948,1861,1
-0.09219381637846609,-1.0473608942804593,-0.9480248201918264,-0.2046294076264745,0.2952176139007882,1300,0
-0.6834205544763586,1.5320082214419262,-1.4475641235143595,-0.2046294076264745,0.6021996052547964,624,2
-0.3476596247125329,0.9152025633343992,-0.3057600016342838,-0.2046294076264745,-0.22570519419990506,1047,0
-0.1590721911754606,-0.15018902794223832,1.8065776238438565,-0.2046294076264745,0.8186550483422198,1240,0
-0.8663948593201316,-0.9352144109881817,1.2214030113803176,-0.2046294076264745,-1.2314376970139922,304,2
-0.4065632495977057,-0.54270171946521,0.8645892232927939,-0.2046294076264745,0.03279069579227246,986,0
0.30469545391116926,0.07410393864231694,0.12241654407074462,-0.2046294076264745,0.4489433935677695,1621,1
-0.4467108103125852,1.7563011880264814,-1.4190190204673576,-0.2046294076264745,-0.31707593845230914,938,0
0.162792822433002,1.3637884965035096,1.906485484508363,-0.2046294076264745,-0.2737499529794836,1519,1
-0.7625862048885635,1.5320082214419262,-0.03458152268776579,-0.2046294076264745,-0.693756700513949,501,2
1.2803188283166589,0.7469828383959827,-0.9337522686683254,-0.2046294076264745,0.02525964649628545,1990,1
-0.1458608029095242,0.018030696996178132,0.46495778063476734,-0.2046294076264745,0.28338860631833473,1253,0
-0.8621165600112144,-1.1034341359265982,-0.14876193487577336,-0.2046294076264745,0.22187263499908577,306,2
0.10963923181901399,-1.0473608942804593,-0.7624816503863141,-0.2046294076264745,-0.8831414212597491,1476,1
-0.9779729052966935,0.46661663016528865,-0.9622973717153274,-0.2046294076264745,2.4372533092991846,76,2
-0.8564692049234436,1.0834222882728155,-1.3048386082793502,-0.2046294076264745,0.8057278161946277,321,2
-0.8955899738041829,1.0273490466266768,0.13668909559424558,-0.2046294076264745,-0.1600246937469636,252,2
-0.5013019094943693,-0.4305552361729324,-0.33430510468128566,-0.2046294076264745,1.7423748092147937,882,0
-0.18836998484292594,-1.2716538608650145,1.635307005561845,-0.2046294076264745,-1.1881399369388688,1217,0
-0.8520197736421697,-1.3277271025111534,-1.4618366750378604,-0.2046294076264745,-1.1026785645872,328,2
-0.8700228571340934,-1.1034341359265982,-0.5626659290573008,-0.2046294076264745,-1.1637531933241971,299,2
0.5001623927369806,0.46661663016528865,-0.4627580683927942,-0.2046294076264745,-0.5079514733858328,1736,1
0.23097180021990715,1.307715254857371,-0.8909346140978226,-0.2046294076264745,0.2003109970998763,1573,1
1.5735705761470826,-1.2716538608650145,-1.1763856445678416,-0.2046294076264745,1.1338865536609977,2050,1
-0.9484697532624001,0.35447014687301104,-0.6768463412453084,-0.2046294076264745,0.054806505999962354,142,2
0.6082151200829946,-0.5987749611113489,-0.20585214096977716,-0.2046294076264745,-0.7987372183492888,1781,1
-0.8998682731131002,0.6348363551037051,-1.361928814373354,-0.2046294076264745,0.43983685389095223,243,2
1.3412760368701118,-0.9912876526343205,-0.3771227592517885,-0.2046294076264745,-0.8928663537407683,2000,1
-0.2959777690608126,1.5880814630880649,-0.41994041382229136,-0.2046294076264745,-0.2679534826695569,1101,0
-0.29536169396032846,0.35447014687301104,2.377479684783894,-0.2046294076264745,0.7261706838532029,1102,0
1.5290762633343433,-0.31840875288065473,-0.17730703792277525,-0.2046294076264745,0.9568491614372724,2041,1
-0.8085180262690991,-1.159507377572737,0.7218637080577844,-0.2046294076264745,-0.8289717511788004,421,2
-0.445684018478445,-0.4305552361729324,-0.534120826010299,-0.2046294076264745,1.9022049726211798,940,0
0.21837648705445473,-1.3277271025111534,-0.5198482744867979,-0.2046294076264745,-0.09637642192857815,1563,1
0.27789618704011165,1.868447671318759,0.09387144102374273,-0.2046294076264745,-0.7217768225964634,1606,1
-0.19353817040809795,-0.8230679276959041,-0.9194797171448245,-0.2046294076264745,1.8658557922712806,1209,0
-0.5672219452461662,-0.7669946860497653,-1.5189268811318644,-0.2046294076264745,-0.14532952532511736,795,0
-0.9493596395186551,-0.4866284778190712,1.335583423568325,-0.2046294076264745,-0.7866182589540768,140,2
0.40463652576747616,1.4198617381496486,0.7218637080577844,-0.2046294076264745,1.256002453846798,1673,1
-0.6742478807580402,0.2983969052268722,0.3507773684467598,-0.2046294076264745,2.401697006030192,647,2
0.6430575896548167,-1.439873585803431,0.40786757454076356,-0.2046294076264745,-0.9186387077880921,1791,1
0.08040989094049127,0.07410393864231694,0.8503166717692929,-0.2046294076264745,0.4853772501107751,1455,1
1.4157526712397432,-1.3277271025111534,-0.9765699232388283,-0.2046294076264745,-1.0669298154247835,2013,1
-0.976911887068082,-0.15018902794223832,0.27941461082925506,-0.2046294076264745,0.7008730296763248,80,2
0.18237032007060722,-1.3838003441572921,-0.791026753433316,-0.2046294076264745,-1.2552291413316727,1542,1
0.014352949610809084,0.5226898718114275,-1.347656262849853,-0.2046294076264745,0.3779000675514163,1395,0
-0.9183505261276228,1.1394955299189544,-1.276293505232348,-0.2046294076264745,-0.29986101179923325,210,2
-0.22571098121115568,-0.9912876526343205,0.40786757454076356,-0.2046294076264745,-1.0226467323753299,1179,0
-0.4046465715073107,0.7469828383959827,1.7780325207968544,-0.2046294076264745,-0.638101348135768,990,0
-0.8931256734022467,0.18625042193459457,-0.9194797171448245,-0.2046294076264745,0.3453613158913098,258,2
-0.546035807068408,0.46661663016528865,2.3061169271663897,-0.2046294076264745,-0.8887788029644454,829,0
-0.22047434285704096,-0.6548482027574877,-0.6768463412453084,-0.2046294076264745,0.4684881985038968,1186,0
1.0660958253205544,-0.31840875288065473,0.8217715687222911,-0.2046294076264745,1.0059613534390424,1936,1
0.4756905206899738,-0.7669946860497653,-0.12021683182877146,-0.2046294076264745,2.373946308198471,1725,1
1.9603972864621446,-0.8791411693420429,-0.9194797171448245,-0.2046294076264745,1.2834195787965845,2117,1
0.1942126525576901,1.6441547047342038,0.12241654407074462,-0.2046294076264745,0.576109073997012,1548,1
-0.9413164368178906,0.46661663016528865,-0.10594428030527052,-0.2046294076264745,-0.1733060263384558,163,2
-0.3952000866332215,-1.0473608942804593,-0.9480248201918264,-0.2046294076264745,-1.010299403853255,998,0
-0.5847458592154913,-1.0473608942804593,2.434569890877898,-0.2046294076264745,0.08070972325481418,776,0
-0.03246875802598132,-0.4305552361729324,-0.9908424747623292,-0.2046294076264745,-0.3747122005601331,1346,0
-0.6122638803704471,0.5787631134575663,0.051053786453239894,-0.2046294076264745,-0.7719949369991088,733,0
1.212174076924225,-1.3277271025111534,0.6647735019637806,-0.2046294076264745,-0.8494993131440124,1977,1
-0.7906518483550606,-0.4305552361729324,-1.2334758506618453,-0.2046294076264745,-0.3986139805233768,450,2
-0.6815381027804351,1.3637884965035096,0.6647735019637806,-0.2046294076264745,-0.3973720630244814,629,2
-0.543195016327287,1.4759349797957872,-1.276293505232348,-0.2046294076264745,0.42068207263216384,834,0
-0.902777516643164,-1.0473608942804593,0.8217715687222911,-0.2046294076264745,-0.9413652848288273,236,2
-0.9376199862149861,0.7469828383959827,0.6362283989167787,-0.2046294076264745,1.4562898759413714,171,2
-0.9295767835142216,1.1394955299189544,2.3346620302133916,-0.2046294076264745,1.9963546355746247,183,2
-0.9603463121439545,-0.9912876526343205,-1.0764777839033348,-0.2046294076264745,-0.5940902552823536,112,2
1.3903909129364818,0.07410393864231694,-0.8195718564803178,-0.2046294076264745,-0.3925301243459371,2008,1
-0.927899690185126,1.81237442967262,1.5496716964208392,-0.2046294076264745,-0.5203886099915056,189,2
-0.5142737129990064,-0.15018902794223832,1.9921207936493686,-0.2046294076264745,0.4321749413874369,865,0
-0.32702110884631613,-0.9912876526343205,-1.4475641235143595,-0.2046294076264745,-1.12054010944218,1071,0
0.036839690778478124,1.7002279463803425,-1.1478405415208397,-0.2046294076264745,0.08066610218563831,1419,1
-0.9805056584875725,0.46661663016528865,0.3507773684467598,-0.2046294076264745,0.6039880690910155,70,2
-0.012001374132121328,-0.37448199452679354,0.2365969562587522,-0.2046294076264745,0.3204151962130859,1367,0
-0.5414836966037201,-0.9912876526343205,-1.2620209537088471,-0.2046294076264745,-0.9770293577981374,836,0
0.4619657365069673,-0.8791411693420429,0.25086950778225314,-0.2046294076264745,2.1900142210996805,1715,1
-0.5689332649697331,-0.0941157862960995,-0.776754201909815,-0.2046294076264745,-0.9688850475884396,791,0
0.7497754876164486,-0.15018902794223832,0.12241654407074462,-0.2046294076264745,-0.7948652069736006,1843,1
0.26300770544507956,-1.0473608942804593,0.836044120245792,-0.2046294076264745,-0.8831799104384339,1592,1
-0.4501676761541903,1.307715254857371,1.5353991448973383,-0.2046294076264745,1.721516240312893,934,0
1.1268819019016505,-1.2155806192188758,0.3793224714937617,-0.2046294076264745,-1.1614310128768823,1948,1
0.579088458387886,0.6348363551037051,0.6505009504402797,-0.2046294076264745,0.07931128309593416,1767,1
1.6811441339704982,0.7469828383959827,1.5924893509913423,-0.2046294076264745,-0.8210275846982633,2073,1
0.7790732812839137,1.3637884965035096,0.20805185321175032,-0.2046294076264745,-0.10772816369534031,1856,1
-0.6416985796157977,-0.8230679276959041,0.25086950778225314,-0.2046294076264745,-1.192969045891185,687,2
1.1466989843005555,1.9805941546110366,-0.6197561351513046,-0.2046294076264745,-0.19236843356840078,1953,1
-0.5931655522554404,1.5320082214419262,-0.41994041382229136,-0.2046294076264745,-0.46024798532392575,761,0
-0.8686880277497113,0.971275804980538,0.03678123492973895,-0.2046294076264745,-0.19410301255446125,302,2
-0.04739146601548473,-0.9352144109881817,-1.290566056755849,-0.2046294076264745,-0.9222233332962672,1335,0
-0.4419533414810692,1.4759349797957872,-0.10594428030527052,-0.2046294076264745,0.21788515608734335,945,0
-0.27061601075755115,-0.26233551123451593,0.051053786453239894,-0.2046294076264745,0.40690551260826086,1135,0
-0.5641073433492745,-1.3277271025111534,0.33650481692325884,-0.2046294076264745,-1.1009722109988418,800,0
-0.48014999771108235,-0.15018902794223832,2.420297339354397,-0.2046294076264745,2.2710852611360393,904,0
-0.5232752547449682,-1.3838003441572921,0.564865641299274,-0.2046294076264745,-1.0895306611484818,856,0
1.1827393776788744,1.0834222882728155,-0.3771227592517885,-0.2046294076264745,-1.0462842199782714,1970,1
-0.30662217774139877,-0.7109214444036265,-1.1906581960913425,-0.2046294076264745,0.863559090141121,1093,0
-0.007380810878490621,0.8030560800421215,-1.1906581960913425,-0.2046294076264745,0.29950274246102615,1371,0
-0.9153043770196736,-0.03804254464996068,-0.2914874501107828,-0.2046294076264745,-1.188624900590297,216,2
-0.6352640174551861,-1.0473608942804593,0.564865641299274,-0.2046294076264745,-1.023955364450612,698,2
-0.40187423355513235,0.7469828383959827,0.3507773684467598,-0.2046294076264745,0.8513272291551003,993,0
-0.9718463806863241,-0.37448199452679354,0.40786757454076356,-0.2046294076264745,0.8286340094025587,89,2
-0.6883491552802313,0.7469828383959827,-0.34857765620478665,-0.2046294076264745,0.5308381020279828,618,2
-0.7471843273764615,1.251642013211232,-0.7053914442923103,-0.2046294076264745,-0.8778837994514093,535,2
-0.6729472777681292,-0.9912876526343205,0.5791381928227749,-0.2046294076264745,-0.8770062461773965,650,2
-0.764057939850831,0.24232366358073337,-0.7339365473393122,-0.2046294076264745,0.2952817625319295,497,2
-0.883028887033202,0.41054338851914984,0.7075911565342834,-0.2046294076264745,0.8682906931741025,279,2
-0.678697312039314,-0.26233551123451593,-1.047932680856333,-0.2046294076264745,-0.9856611976045091,638,2
-0.5948768719790074,0.6348363551037051,1.7780325207968544,-0.2046294076264745,-0.29606341283566906,758,0
0.4424566916583047,-1.439873585803431,1.8351227268908583,-0.2046294076264745,-1.1898924775416488,1698,1
-0.5610611942413254,-1.1034341359265982,0.051053786453239894,-0.2046294076264745,-0.8316788234129626,805,0
-0.2576099808584428,0.24232366358073337,-0.6625737897218075,-0.2046294076264745,-0.5121750192601752,1149,0
-0.27968600529245574,-1.2716538608650145,0.293687162352756,-0.2046294076264745,-0.8395126542479368,1127,0
1.809116622898831,-0.8791411693420429,1.2784932174743213,-0.2046294076264745,0.6330576627790014,2094,1
-0.5688305857863191,1.251642013211232,1.9778482421258676,-0.2046294076264745,0.3923052841605039,792,0
-0.3244541292609658,0.9152025633343992,0.4221401260642645,-0.2046294076264745,0.6488792811636885,1073,0
-0.10016856629028797,-1.0473608942804593,0.7361362595812854,-0.2046294076264745,-1.276993488905289,1291,0
-0.548671239442701,-0.26233551123451593,1.4354912842328318,-0.2046294076264745,1.9370889982358122,820,0
1.4207154984380872,-0.03804254464996068,-1.347656262849853,-0.2046294076264745,0.7730222780935537,2014,1
0.19222752167835255,-0.15018902794223832,0.33650481692325884,-0.2046294076264745,-1.130988638482473,1547,1
-0.2906384515232839,-0.9912876526343205,0.12241654407074462,-0.2046294076264745,0.6497055155327883,1107,0
0.22850749981797092,0.35447014687301104,0.3793224714937617,-0.2046294076264745,0.7713980347530561,1570,1
-0.35094535858178144,0.07410393864231694,0.3507773684467598,-0.2046294076264745,0.25344145935633605,1044,0
-0.22947588460300283,1.9805941546110366,1.2071304598568167,-0.2046294076264745,-0.6548338770826615,1175,0
1.511518122970547,0.7469828383959827,-1.033660129332832,-0.2046294076264745,1.7428418112495023,2036,1
0.31725654068215037,1.0834222882728155,-0.8338444080038188,-0.2046294076264745,0.5086837307770277,1634,1
-0.1903893421167349,0.7469828383959827,0.06532633797674084,-0.2046294076264745,-0.18749570354690864,1214,0
-0.18915719191576677,-1.4959468274495697,2.16339141193138,-0.2046294076264745,-0.9711353815688759,1216,0
-0.5566117629600514,-1.2155806192188758,0.8645892232927939,-0.2046294076264745,-0.984152421800066,808,0
-0.3563531289082529,1.9805941546110366,2.1063012058373762,-0.2046294076264745,-0.5603839985354755,1038,0
1.0942299215759943,-0.8791411693420429,-0.8338444080038188,-0.2046294076264745,0.9783800079935341,1943,1
1.6345620110950072,0.8030560800421215,-1.1621130930443406,-0.2046294076264745,0.2217366399010663,2064,1
-0.10639777008407147,1.5320082214419262,-0.2772148985872819,-0.2046294076264745,0.6577754133303623,1287,0
-0.49373787631620353,0.018030696996178132,0.3507773684467598,-0.2046294076264745,-0.11693990712722933,890,0
-1.0012468535372034,-0.5987749611113489,-0.41994041382229136,-0.2046294076264745,-0.4671118888560435,27,2
-0.6111001829584215,0.6909095967498439,0.16523419864124747,-0.2046294076264745,0.7402269319088818,736,0
-0.6090123728956699,-0.8230679276959041,0.051053786453239894,-0.2046294076264745,-0.43059079017468577,739,0
-0.6511792908843583,0.7469828383959827,-1.2477484021853462,-0.2046294076264745,-1.2237937461271964,679,2
-0.6220184027947783,0.46661663016528865,-0.8909346140978226,-0.2046294076264745,-0.31208774089476266,717,0
0.48048221591596124,1.251642013211232,1.8208501753673574,-0.2046294076264745,0.06299700322408196,1728,1
1.2993487036427227,-0.9912876526343205,2.3917522363073953,-0.2046294076264745,-1.150992747617572,1993,1
-0.005669491154923721,-0.54270171946521,1.8351227268908583,-0.2046294076264745,0.591548366540097,1375,0
0.004906464736719634,-0.4866284778190712,-0.505575722963297,-0.2046294076264745,0.1287647458153756,1384,0
0.5608457901346627,-1.159507377572737,-1.0764777839033348,-0.2046294076264745,-0.8001279606724319,1762,1
-0.674727050280639,0.2983969052268722,-0.13448938335227242,-0.2046294076264745,-1.195742832701734,646,2
-0.7266484906936587,1.1955687715650931,0.6647735019637806,-0.2046294076264745,-0.7543053104755874,569,2
-0.7457810452031366,-0.31840875288065473,0.7218637080577844,-0.2046294076264745,0.3435035715334582,537,2
1.6457198156926633,1.7002279463803425,-0.17730703792277525,-0.2046294076264745,0.6672052621081315,2069,1
0.3036686620770291,-0.15018902794223832,0.22232440473525125,-0.2046294076264745,0.10646668163066395,1619,1
-0.453179598867668,-0.54270171946521,-0.1915795894462762,-0.2046294076264745,1.2384539543117876,928,0
-0.9698612498069864,-0.5987749611113489,0.4364126775877655,-0.2046294076264745,0.48844098873408287,99,2
-0.22201453060825121,0.5787631134575663,0.3650499199702607,-0.2046294076264745,-0.6292052159690943,1184,0
-0.012617449232605242,1.307715254857371,0.4792303321582683,-0.2046294076264745,0.5794961217212721,1366,0
-0.5521965580732489,-1.439873585803431,-0.09167172878176957,-0.2046294076264745,-1.244126296253739,816,0
-0.15948290790911668,-0.4866284778190712,-1.2192032991383444,-0.2046294076264745,1.2542909683679486,1239,0
-0.8470569464438257,1.81237442967262,-1.2049307476148434,-0.2046294076264745,0.6770764534681529,337,2
-0.9455262833378651,-0.5987749611113489,1.9778482421258676,-0.2046294076264745,1.1497158698814218,149,2
-0.7679597488205636,-1.3277271025111534,-1.4047464689438567,-0.2046294076264745,-0.9709608972921717,488,2
-0.7783987991343216,-0.37448199452679354,2.0063933451728695,-0.2046294076264745,1.6708131622588194,472,2
1.3404203770083283,-1.2716538608650145,-0.2772148985872819,-0.2046294076264745,-1.2687568046667475,1999,1
1.5311982997915663,-0.9352144109881817,1.5924893509913423,-0.2046294076264745,-1.2708788413849015,2042,1
-0.8318604272985516,0.7469828383959827,0.5791381928227749,-0.2046294076264745,0.5188859290737381,374,2
-0.8337771053889466,-0.9912876526343205,0.3793224714937617,-0.2046294076264745,-1.191701468939833,367,2
-0.650939706123059,1.251642013211232,0.3507773684467598,-0.2046294076264745,0.6168691142241861,680,2
-0.267056465732532,0.18625042193459457,-1.0764777839033348,-0.2046294076264745,0.7441733556966939,1139,0
-0.6986855264105756,0.35447014687301104,-0.3200325531577847,-0.2046294076264745,-0.5958735872280814,604,2
-0.07439609125337036,0.971275804980538,-0.17730703792277525,-0.2046294076264745,-0.8560142481227215,1311,0
0.27084554977901604,1.307715254857371,2.0777561027903744,-0.2046294076264745,0.6763066698944574,1598,1
-0.9880354652712668,1.1955687715650931,-0.9052071656213235,-0.2046294076264745,-0.15310433941944143,54,2
1.367904171768813,1.307715254857371,-0.4056678622987904,-0.2046294076264745,-0.7947805307804942,2004,1
-0.9590457091540436,-1.4959468274495697,-0.4484855168692932,-0.2046294076264745,-0.8092781214184251,117,2
0.4965686213174901,-1.2155806192188758,0.2365969562587522,-0.2046294076264745,-0.8527067447010768,1734,1
1.116613983560249,-0.9912876526343205,1.8493952784143592,-0.2046294076264745,-1.1295209178019603,1947,1
-0.8017412001637743,-1.0473608942804593,-1.1906581960913425,-0.2046294076264745,-0.9153286384212015,429,2
0.16837172473183007,-0.03804254464996068,-0.4484855168692932,-0.2046294076264745,0.5374915980499569,1529,1
-0.7725118592852516,0.8030560800421215,-0.9480248201918264,-0.2046294076264745,1.0658633451987765,479,2
-0.9931009716530249,1.0273490466266768,-1.1906581960913425,-0.2046294076264745,0.3521354113398297,40,2
-0.3121326272512841,1.1394955299189544,2.2775718241193874,-0.2046294076264745,-0.2897101324074359,1083,0
0.4293822089702536,0.8591293216882603,-1.033660129332832,-0.2046294076264745,-1.206163136344325,1689,1
-0.8961033697212529,0.5226898718114275,0.7504088111047863,-0.2046294076264745,-0.08154269246346696,249,2
-0.7155249124904738,-0.9352144109881817,-0.20585214096977716,-0.2046294076264745,-1.2488117122722986,584,2
-0.9418982855239033,0.5226898718114275,-0.5912110321043027,-0.2046294076264745,0.38952636545946334,158,2
0.1274369569441097,-1.3277271025111534,2.0063933451728695,-0.2046294076264745,-0.8857022346149093,1496,1
0.07397532877987974,0.5226898718114275,-0.8623895110508207,-0.2046294076264745,0.10021860495750269,1448,1
-0.5248838952851211,-1.4959468274495697,-0.4484855168692932,-0.2046294076264745,-1.2319739795703335,855,0
0.1747036077090275,1.3637884965035096,0.4221401260642645,-0.2046294076264745,-0.6845577868082885,1535,1
0.23463402442834028,0.971275804980538,0.8788617748162948,-0.2046294076264745,1.475303530211649,1576,1
-0.6795529719010975,0.5787631134575663,-1.5331994326553653,-0.2046294076264745,0.07734576903776515,635,2
0.8272298183050865,0.5787631134575663,0.10814399254724368,-0.2046294076264745,-0.3063733808326968,1866,1
-0.3719261383927116,0.7469828383959827,-0.39139531077528944,-0.2046294076264745,0.5649959651380955,1021,0
1.411782409481068,-1.0473608942804593,1.5353991448973383,-0.2046294076264745,-1.1926021157210567,2011,1
0.037729577034732883,0.46661663016528865,0.7218637080577844,-0.2046294076264745,1.2519046392894928,1421,1
-0.4482852244582667,0.6909095967498439,0.27941461082925506,-0.2046294076264745,0.007120979554774882,936,0
-0.7908914331163601,-1.2155806192188758,-0.5769384805808018,-0.2046294076264745,-0.8922094717578816,449,2
-0.2540504358334235,1.81237442967262,0.836044120245792,-0.2046294076264745,0.7233327484115123,1153,0
1.2400001356294228,0.8591293216882603,-0.07739917725826863,-0.2046294076264745,-0.30425647600503425,1984,1
1.1541261119008357,-0.9912876526343205,-1.0622052323798339,-0.2046294076264745,-1.1610743464877369,1955,1
-0.03818456590269482,-0.8230679276959041,-0.8481169595273198,-0.2046294076264745,0.8735791063253904,1342,0
0.08660486833980345,1.7563011880264814,0.6933186050107825,-0.2046294076264745,-0.6958453799439094,1460,1
1.2212782978536008,-1.439873585803431,-0.07739917725826863,-0.2046294076264745,0.4267094780141992,1979,1
-0.4780964140428021,0.18625042193459457,0.293687162352756,-0.2046294076264745,0.10686696908898567,907,0
-0.6049736583480521,-0.26233551123451593,-0.9622973717153274,-0.2046294076264745,0.9996876173134244,745,0
-0.14678491556025025,0.6909095967498439,-0.8909346140978226,-0.2046294076264745,0.22617059328555203,1250,0
1.705513326834091,1.1394955299189544,-0.006036419640763895,-0.2046294076264745,0.09112746095215936,2079,1
-0.5079418300218088,-0.31840875288065473,0.32223226539975786,-0.2046294076264745,0.14474032091480188,876,0
-1.0070653405973309,-0.0941157862960995,0.550593089775773,-0.2046294076264745,2.326484018989655,15,2
-0.7853809836064747,-0.26233551123451593,0.9930421870043024,-0.2046294076264745,1.2269482558302862,461,2
0.6700279884982311,-0.31840875288065473,-0.12021683182877146,-0.2046294076264745,-0.7391457059642783,1808,1
-0.8901822034777116,0.6909095967498439,-1.105022886950337,-0.2046294076264745,0.673843362458632,263,2
-0.6871512314737346,0.8030560800421215,-0.9480248201918264,-0.2046294076264745,0.23901571518528353,619,2
0.515701175826968,-1.1034341359265982,0.5934107443462758,-0.2046294076264745,-1.075451319585592,1746,1
-0.9891649362888212,0.18625042193459457,2.191936514978382,-0.2046294076264745,1.4535853696524548,50,2
0.8288042324507678,0.07410393864231694,0.8217715687222911,-0.2046294076264745,-0.7857407056800639,1867,1
0.22546135071002169,1.0273490466266768,0.32223226539975786,-0.2046294076264745,-1.0455016066783478,1568,1
-0.7966414673875448,0.35447014687301104,-0.6768463412453084,-0.2046294076264745,0.44677516983519383,440,2
0.20715022966785596,-1.4959468274495697,0.5363205382522721,-0.2046294076264745,-1.1530275421973737,1556,1
-0.44650545194575714,-0.8230679276959041,-0.505575722963297,-0.2046294076264745,1.5927827673385573,939,0
-0.601516792506447,0.8591293216882603,0.19377930168824936,-0.2046294076264745,2.411311602865648,749,0
-0.5479182587643316,0.5226898718114275,-0.7053914442923103,-0.2046294076264745,-0.0025064470069094172,823,0
0.8110407337201436,0.5787631134575663,-1.0622052323798339,-0.2046294076264745,2.2272640482308033,1859,1
0.569060124807784,0.2983969052268722,1.1357677022393118,-0.2046294076264745,-0.6953835097996921,1764,1
0.07695302509888616,0.8591293216882603,-0.33430510468128566,-0.2046294076264745,-0.5228031644676637,1452,1
-0.28314287113406084,-0.9352144109881817,-0.9622973717153274,-0.2046294076264745,0.698440513583447,1121,0
1.240239720390722,-1.3838003441572921,-0.505575722963297,-0.2046294076264745,-1.2057397553787923,1985,1
0.16481217970681086,-0.26233551123451593,0.22232440473525125,-0.2046294076264745,0.2574571636657808,1522,1
-0.5274851012649429,1.4759349797957872,-0.5626659290573008,-0.2046294076264745,0.24483784494766667,853,0
-0.8731374590309852,0.46661663016528865,-1.290566056755849,-0.2046294076264745,0.5716905162840002,296,2
0.8355810585560928,-1.2716538608650145,0.07959888950024178,-0.2046294076264745,-0.9389712579146344,1870,1
-0.8799142851363102,-1.0473608942804593,-0.8052993049568169,-0.2046294076264745,-0.9331132049188121,284,2
0.6879968455956835,-0.9352144109881817,1.7780325207968544,-0.2046294076264745,-0.8707453397780067,1813,1
-0.24107863232878646,0.46661663016528865,1.4354912842328318,-0.2046294076264745,-1.0983831722459794,1165,0
-0.8238856773867299,1.7563011880264814,-0.6483012381983065,-0.2046294076264745,0.48526948041045775,396,2
1.1368760090872814,1.307715254857371,0.564865641299274,-0.2046294076264745,0.3264528653761038,1950,1
-0.8153290787688954,-0.54270171946521,0.80749901719879,-0.2046294076264745,0.09201271206190907,411,2
-0.3797982091211194,-0.8230679276959041,-0.9337522686683254,-0.2046294076264745,0.8952023269104952,1017,0
-0.22998928052007292,-1.439873585803431,0.8503166717692929,-0.2046294076264745,-1.2703759161167538,1173,0
-0.7959911658925894,-0.03804254464996068,0.564865641299274,-0.2046294076264745,1.0924414060532346,443,2
0.54568349738386,0.5787631134575663,-0.8052993049568169,-0.2046294076264745,0.8871452588391495,1756,1
0.8705946601002716,-0.03804254464996068,-0.2772148985872819,-0.2046294076264745,-1.178117354809354,1877,1
0.2719750207965701,-0.5987749611113489,-0.8338444080038188,-0.2046294076264745,-1.0973952833264036,1601,1
-0.31863564220083834,-1.4959468274495697,0.8503166717692929,-0.2046294076264745,-1.218495069194926,1079,0
0.4196961393348648,-0.54270171946521,0.3507773684467598,-0.2046294076264745,0.8836812327575201,1680,1
-0.5923441187881283,-0.9912876526343205,0.7361362595812854,-0.2046294076264745,-1.2789051181132993,762,0
-0.7659061651522834,-0.31840875288065473,-1.2192032991383444,-0.2046294076264745,0.34921793159552394,492,2
-0.17704104827291306,0.5226898718114275,0.7504088111047863,-0.2046294076264745,0.7372453035334349,1226,0
1.1115142507840197,1.0834222882728155,0.07959888950024178,-0.2046294076264745,0.5667074506169449,1946,1
-0.8690987444833674,-0.5987749611113489,0.3650499199702607,-0.2046294076264745,1.2357571458586079,301,2
-1.0118228094288468,-0.6548482027574877,-1.3048386082793502,-0.2046294076264745,-0.539137971901481,11,2
1.6188863224271342,-0.7669946860497653,0.25086950778225314,-0.2046294076264745,0.5350924392452728,2062,1
-0.12782349302312904,1.0273490466266768,-0.09167172878176957,-0.2046294076264745,1.5054251614503518,1269,0
0.2000311396178177,-1.0473608942804593,0.9644970839573005,-0.2046294076264745,-1.0892663687881796,1553,1
-0.9261199176726165,1.9805941546110366,-1.1478405415208397,-0.2046294076264745,-0.3438746705978934,191,2
-0.6084305241896573,1.251642013211232,-0.8481169595273198,-0.2046294076264745,0.40653088460239595,740,0
-0.6546361567259635,-0.4305552361729324,2.3061169271663897,-0.2046294076264745,1.1027282805430514,673,2
-0.9775621885630374,-0.4305552361729324,-0.8766620625743217,-0.2046294076264745,0.28222366717680897,77,2
-0.9182136205497374,-0.9352144109881817,-0.8052993049568169,-0.2046294076264745,-0.8852839855398682,211,2
0.07596045965921748,0.8591293216882603,0.40786757454076356,-0.2046294076264745,-1.129472164842293,1450,1
0.17963220851290015,1.7002279463803425,-1.1621130930443406,-0.2046294076264745,-0.6954194330331313,1538,1
-0.45766325654341333,0.41054338851914984,-0.6625737897218075,-0.2046294076264745,0.2165482986143589,924,0
-0.43510806258680157,-1.159507377572737,-0.8766620625743217,-0.2046294076264745,-1.1065454440723967,955,0
-0.12128625167910338,-0.26233551123451593,0.2365969562587522,-0.2046294076264745,0.15351328770968425,1279,0
-0.876765456844947,-1.159507377572737,-1.5189268811318644,-0.2046294076264745,-1.0738758292047619,290,2
-0.6031596594410711,0.41054338851914984,1.7637599692733534,-0.2046294076264745,0.5778102956948789,747,0
0.18072745313598293,0.35447014687301104,0.6505009504402797,-0.2046294076264745,0.18627271066091694,1540,1
-0.26438680696376765,-1.0473608942804593,0.5077754352052702,-0.2046294076264745,0.0009088261150525959,1142,0
-0.9042492516054316,1.5320082214419262,-0.12021683182877146,-0.2046294076264745,-0.37780159863589746,231,2
-0.6601123798413775,1.4198617381496486,1.4783089388033346,-0.2046294076264745,-0.9651156740225776,668,2
-0.17587735086088754,-0.8791411693420429,0.3079597138762569,-0.2046294076264745,0.5610238818978268,1227,0
-0.8515748305140424,-1.439873585803431,0.80749901719879,-0.2046294076264745,-0.9262749608391508,331,2
0.11754552894189307,1.3637884965035096,-1.4618366750378604,-0.2046294076264745,0.21289439258455123,1485,1
-0.6145570488000267,0.5226898718114275,0.6790460534872815,-0.2046294076264745,-1.0822587723223054,731,0
-0.7292496966734803,1.251642013211232,-1.5617445357023672,-0.2046294076264745,0.1425797950179633,564,2
-0.006901641355891936,-1.3277271025111534,-0.534120826010299,-0.2046294076264745,-1.0395871028871209,1372,0
0.741595379337799,-1.1034341359265982,0.5791381928227749,-0.2046294076264745,-0.9033405422335177,1839,1
-0.6950233022021423,-0.31840875288065473,-1.2192032991383444,-0.2046294076264745,0.27159295602407496,608,2
-0.7434878767735569,0.8030560800421215,0.5363205382522721,-0.2046294076264745,0.224323112708683,542,2
-0.8330925774995198,1.307715254857371,-1.1763856445678416,-0.2046294076264745,2.481241308645388,369,2
0.7570657096388436,-1.2716538608650145,-0.534120826010299,-0.2046294076264745,-0.8486705128296669,1845,1
-0.9823196573945535,0.5226898718114275,0.5934107443462758,-0.2046294076264745,2.0854160291059425,63,2
-0.33896612051681313,-0.9912876526343205,-0.505575722963297,-0.2046294076264745,-1.0051752111976888,1053,0
-0.6524456674797978,-0.9912876526343205,-0.6625737897218075,-0.2046294076264745,-0.9507771719898771,677,2
0.16583897154095104,-0.20626226958837712,1.335583423568325,-0.2046294076264745,1.1388183004231398,1525,1
-0.546241165435236,-0.03804254464996068,0.564865641299274,-0.2046294076264745,-1.0374034834830714,827,0
-0.4779252820704454,0.24232366358073337,0.008236131882737053,-0.2046294076264745,1.0932984317652823,908,0
1.8220542000089965,1.1955687715650931,-0.33430510468128566,-0.2046294076264745,-0.2207375242043236,2095,1
0.47178871172024134,0.5787631134575663,-0.10594428030527052,-0.2046294076264745,0.4792138496307201,1722,1
-0.6406033349927148,0.6909095967498439,-1.019387577809331,-0.2046294076264745,1.3780388097299834,689,2
0.10864666637934511,-0.5987749611113489,-0.7339365473393122,-0.2046294076264745,1.1481660389530481,1475,1
1.155974337202288,0.13017718028845576,-0.1915795894462762,-0.2046294076264745,-0.99438797738497,1956,1
1.6165589276030834,-1.2716538608650145,-1.3762013658968548,-0.2046294076264745,-0.9926380027274354,2061,1
-0.41956927949681416,-1.0473608942804593,0.7075911565342834,-0.2046294076264745,-1.0451577700154304,974,0
-0.9937512731479804,1.868447671318759,2.3203894786898904,-0.2046294076264745,0.16530637205869855,38,2
-0.8266922417333796,-0.8230679276959041,-0.24866979554028,-0.2046294076264745,0.9561306967684902,387,2
0.4348242056911963,0.6348363551037051,0.836044120245792,-0.2046294076264745,0.28904138369450516,1694,1
-0.8964798600604377,1.1394955299189544,-0.4627580683927942,-0.2046294076264745,1.0160455182544526,247,2
-1.0069968878083881,1.868447671318759,-0.16303448639927431,-0.2046294076264745,0.6281156522358766,16,2
-0.5429212051715162,0.2983969052268722,-0.5483933775337999,-0.2046294076264745,-0.7279248274050444,835,0
-0.14627151964318025,-0.9352144109881817,0.7075911565342834,-0.2046294076264745,-0.5958941147900466,1252,0
-0.6247907407469567,-0.9352144109881817,0.27941461082925506,-0.2046294076264745,1.2048477694294897,713,0
-0.4331229317074639,0.6909095967498439,0.7361362595812854,-0.2046294076264745,0.3106466426628907,958,0
0.3792405410697433,1.0834222882728155,-1.3048386082793502,-0.2046294076264745,-0.5061707073853506,1660,1
0.15235377211924386,-1.3277271025111534,1.8208501753673574,-0.2046294076264745,-1.1935771749144044,1512,1
0.9687901858385405,0.46661663016528865,-0.34857765620478665,-0.2046294076264745,0.14281073009007184,1903,1
1.7930644438917733,1.9245209129648977,-1.1906581960913425,-0.2046294076264745,-0.2753562347032614,2093,1
-0.15123434684152423,-1.3838003441572921,1.6923972116558488,-0.2046294076264745,-1.2554985655824662,1246,0
-0.9407003617174065,0.971275804980538,-0.6340286866748056,-0.2046294076264745,-0.37942071008590356,164,2
-0.10639777008407147,-0.31840875288065473,-0.33430510468128566,-0.2046294076264745,0.5303916275552392,1287,0
0.2633841957842643,1.7002279463803425,-1.1763856445678416,-0.2046294076264745,-0.9554882474608931,1593,1
0.14270192887832658,1.868447671318759,-0.7053914442923103,-0.2046294076264745,-0.028414796152252658,1507,1
1.7547993348728175,-1.3838003441572921,-0.7482090988628132,-0.2046294076264745,1.0586273796060395,2086,1
-0.9851262217412032,-1.159507377572737,-0.47703061991629514,-0.2046294076264745,-1.1410805011336203,58,2
-0.5547635376585992,0.35447014687301104,-0.04885407421126674,-0.2046294076264745,1.6006884446404093,812,0
0.1450977764913202,-0.0941157862960995,-1.1763856445678416,-0.2046294076264745,0.5441630556886508,1508,1
-0.04862361621645295,-0.9912876526343205,0.10814399254724368,-0.2046294076264745,-0.7861871801528072,1334,0
-0.673118409740486,1.307715254857371,-0.07739917725826863,-0.2046294076264745,0.9626995165973581,649,2
-0.7077212945510087,-1.4959468274495697,0.80749901719879,-0.2046294076264745,-0.3091882227671765,586,2
1.2235714662831803,-1.0473608942804593,2.063483551266873,-0.2046294076264745,0.12162628614197298,1981,1
0.0783563072722111,0.2983969052268722,-0.020308971164264843,-0.2046294076264745,-1.199499376541368,1453,1
-0.8766970040560045,-0.9352144109881817,-1.019387577809331,-0.2046294076264745,-1.155660202019412,291,2
-0.7739493678530477,1.307715254857371,-1.1478405415208397,-0.2046294076264745,-0.6978622129069915,476,2
0.5800467974330834,0.5226898718114275,-1.0622052323798339,-0.2046294076264745,-0.3075537156456964,1768,1
-0.21308144165123197,-0.9352144109881817,-0.7053914442923103,-0.2046294076264745,-1.1020935290711915,1194,0
-0.4734758507891715,-1.4959468274495697,-0.2772148985872819,-0.2046294076264745,-1.2339625871357134,912,0
-0.8447980044087174,-0.8230679276959041,-1.019387577809331,-0.2046294076264745,1.1392750386768657,345,2
-0.8240568093590867,0.8030560800421215,-0.9052071656213235,-0.2046294076264745,-0.5334005183322044,395,2
-0.9495649978854829,-0.0941157862960995,0.2651420593057541,-0.2046294076264745,0.1031206890303344,138,2
-0.8462697393709849,-0.4866284778190712,-0.505575722963297,-0.2046294076264745,-0.8817686405533255,341,2
-0.7659061651522834,0.46661663016528865,0.16523419864124747,-0.2046294076264745,-0.2714483000941342,492,2
-0.6093888632348546,-0.6548482027574877,-0.9480248201918264,-0.2046294076264745,1.2281901733291816,738,0
-0.6197594607596701,-0.0941157862960995,1.8208501753673574,-0.2046294076264745,-0.6396126898854568,720,0
0.32276699019203564,1.0834222882728155,-0.5769384805808018,-0.2046294076264745,-0.7542026726657615,1638,1
-0.48394912749740093,0.07410393864231694,0.5791381928227749,-0.2046294076264745,0.7032388311928156,900,0
0.442696276419604,0.24232366358073337,0.6219558473932778,-0.2046294076264745,0.805761173482821,1699,1
0.49978590239779586,-1.4959468274495697,0.25086950778225314,-0.2046294076264745,-1.0877781205457018,1735,1
-0.670482977366193,-0.7669946860497653,-1.333383711326352,-0.2046294076264745,0.238584636384014,658,2
-0.7875030200636977,-0.4305552361729324,-0.17730703792277525,-0.2046294076264745,-0.6023089779041754,459,2
0.09800225769875914,0.6348363551037051,0.8503166717692929,-0.2046294076264745,0.7846203506038985,1466,1
-0.47607705676899315,-0.6548482027574877,-0.2772148985872819,-0.2046294076264745,0.07384068783220524,910,0
-0.8270345056780929,-0.9912876526343205,0.32223226539975786,-0.2046294076264745,-0.4016777191466847,385,2
-0.032092267686796745,-0.9912876526343205,-1.1906581960913425,-0.2046294076264745,-1.2708121268085144,1347,0
-0.17793093452916792,-1.159507377572737,-0.17730703792277525,-0.2046294076264745,-1.1190569930901935,1225,0
-0.6273919467267784,-0.20626226958837712,-1.4047464689438567,-0.2046294076264745,-1.1917066008303243,710,0
0.25879785892510493,0.9152025633343992,-0.5769384805808018,-0.2046294076264745,0.8539906803200867,1589,1
0.7083957767006009,0.8591293216882603,0.6933186050107825,-0.2046294076264745,-0.335440408575437,1821,1
1.7883069750602574,0.13017718028845576,0.8788617748162948,-0.2046294076264745,0.946713677716949,2090,1
-0.9901232753340186,1.0273490466266768,0.22232440473525125,-0.2046294076264745,-1.0281994378869197,48,2
-0.3428337030920743,0.46661663016528865,-1.276293505232348,-0.2046294076264745,-0.027739952552646285,1051,0
1.1647705205814218,0.7469828383959827,-0.41994041382229136,-0.2046294076264745,0.727597349409785,1961,1
-0.9724966821812795,-1.0473608942804593,-0.776754201909815,-0.2046294076264745,-1.2454246645480385,88,2
0.4601517375999865,0.24232366358073337,1.7209423147028506,-0.2046294076264745,-0.7695624209062312,1713,1
1.1808911523774217,0.2983969052268722,-0.3628502077282876,-0.2046294076264745,0.8590840816327047,1967,1
-0.7502989292733532,0.41054338851914984,2.4631149939248997,-0.2046294076264745,0.45093969896888636,525,2
-0.540559583952994,0.24232366358073337,1.1643128052863136,-0.2046294076264745,-0.01401214548841077,840,0
0.6925147296659001,-0.7669946860497653,2.520205200018904,-0.2046294076264745,0.9677621265670284,1815,1
-0.9843047882738911,-1.159507377572737,-1.0051150262858302,-0.2046294076264745,-1.1758772846099004,59,2
-0.6059319973932495,-1.2155806192188758,-0.49130317143979607,-0.2046294076264745,1.094655816800232,743,0
0.9611919262659034,0.8030560800421215,0.8645892232927939,-0.2046294076264745,0.3494026796532109,1902,1
-0.05728289401770137,-0.20626226958837712,0.6933186050107825,-0.2046294076264745,0.047575672297716594,1325,0
-0.8735824021591126,-1.3277271025111534,-0.24866979554028,-0.2046294076264745,-1.186202648278402,295,2
-0.7551248508938119,1.251642013211232,1.9921207936493686,-0.2046294076264745,1.5900731291591494,514,2
-0.9414533423957759,0.971275804980538,-1.0622052323798339,-0.2046294076264745,-0.2885888143350862,160,2
0.9278896444452914,0.35447014687301104,0.5077754352052702,-0.2046294076264745,0.6083553078991143,1895,1
-0.6561763444771737,0.35447014687301104,1.2499481144273195,-0.2046294076264745,0.21801858524011733,671,2
0.17966643490737144,-1.3277271025111534,1.078677496145308,-0.2046294076264745,-1.2360076454964974,1539,1
-0.39013458025146347,-1.439873585803431,1.6923972116558488,-0.2046294076264745,-1.0785124922636542,1004,0
-0.06635288855260606,-0.8791411693420429,0.051053786453239894,-0.2046294076264745,0.4030848201374859,1320,0
0.5908965644804977,-0.26233551123451593,-0.4484855168692932,-0.2046294076264745,0.8751545967062202,1772,1
-0.1231002505860844,0.46661663016528865,-0.505575722963297,-0.2046294076264745,0.003390095167597613,1276,0
0.2306295362751939,-1.2716538608650145,-0.3628502077282876,-0.2046294076264745,-1.0878448351220886,1572,1
-0.2962515802165833,0.6909095967498439,0.2365969562587522,-0.2046294076264745,0.4994181024949802,1100,0
-0.945218245787623,0.7469828383959827,1.7209423147028506,-0.2046294076264745,1.7648063025522793,151,2
-0.8011593514577615,-1.4959468274495697,1.1357677022393118,-0.2046294076264745,0.7627533652204563,431,2
0.08283996494795638,1.0273490466266768,0.6790460534872815,-0.2046294076264745,1.9278079742822907,1457,1
-0.9773226038017381,1.7002279463803425,0.10814399254724368,-0.2046294076264745,-0.8680998502297401,78,2
1.1804119828548232,-0.03804254464996068,-1.3048386082793502,-0.2046294076264745,-0.5055600124168855,1966,1
-0.2984762958572203,-0.9912876526343205,0.3793224714937617,-0.2046294076264745,-0.9932640933673745,1098,0
0.05474009508698777,0.5787631134575663,0.7646813626282872,-0.2046294076264745,-0.8280505768356116,1430,1
-0.6773282562604606,-1.0473608942804593,0.16523419864124747,-0.2046294076264745,-1.2051085328483622,640,2
-0.6240719864630587,0.46661663016528865,-0.09167172878176957,-0.2046294076264745,0.20928923951441084,715,0
-0.9037358556883613,-1.2155806192188758,-0.6768463412453084,-0.2046294076264745,-1.1891509193656555,232,2
0.6877230344399127,-0.6548482027574877,-1.2477484021853462,-0.2046294076264745,0.19233090738590003,1812,1
-0.6805797637352377,-0.9912876526343205,-0.4056678622987904,-0.2046294076264745,-1.1075487286634464,632,2
-1.0123704317403883,1.1394955299189544,0.3935950230172626,-0.2046294076264745,0.5579652751650102,9,2
-0.748656062338729,0.8030560800421215,-0.34857765620478665,-0.2046294076264745,0.1312280532512009,530,2
-0.35378614932290253,-0.31840875288065473,-1.5617445357023672,-0.2046294076264745,-0.5452705810385882,1040,0
-0.9204383361903743,0.46661663016528865,0.9359519809102986,-0.2046294076264745,-0.6159495428300586,206,2
-0.6575796266504985,-1.159507377572737,-0.4484855168692932,-0.2046294076264745,-0.9442109181062548,670,2
1.5048782024431075,-0.8230679276959041,-1.2192032991383444,-0.2046294076264745,0.570440900949368,2033,1
-0.20466174861128278,-1.4959468274495697,1.2927657689978223,-0.2046294076264745,-1.1900361704754052,1203,0
0.3831765764339473,1.1394955299189544,-0.4342129653457923,-0.2046294076264745,1.6896010133474795,1663,1
-0.7602588100645126,-1.3277271025111534,0.5363205382522721,-0.2046294076264745,-1.0466716777103648,507,2
-0.7697737477275445,1.0834222882728155,-1.4903817780848623,-0.2046294076264745,1.778033750293613,483,2
-0.8849113387291255,-1.0473608942804593,0.33650481692325884,-0.2046294076264745,-1.1790256994263146,274,2
1.4776339924439224,1.307715254857371,-0.41994041382229136,-0.2046294076264745,1.030024787952762,2025,1
-0.5481920699201023,-0.5987749611113489,-0.9908424747623292,-0.2046294076264745,-0.16483327513731444,822,0
0.7086695878563716,-0.8791411693420429,-0.8338444080038188,-0.2046294076264745,0.2825367124967785,1822,1
0.2526371079202642,-1.159507377572737,-0.8766620625743217,-0.2046294076264745,-1.007492259754512,1583,1
0.4541621185675023,-0.4866284778190712,1.2214030113803176,-0.2046294076264745,-1.2210148274261559,1707,1
-0.23046845004267172,-0.54270171946521,-0.9052071656213235,-0.2046294076264745,-1.108995921781994,1172,0
-0.6022013203958737,0.41054338851914984,0.293687162352756,-0.2046294076264745,0.19641076032648608,748,0
-0.6803744053684097,-1.3838003441572921,0.8503166717692929,-0.2046294076264745,-1.1752640236961895,633,2
-0.6164395004959502,-1.159507377572737,-1.2049307476148434,-0.2046294076264745,-1.0816737368062967,728,0
-0.18145625315971572,-0.8230679276959041,-0.23439724401677905,-0.2046294076264745,1.0382127192316357,1222,0
0.08307954970925573,0.018030696996178132,-1.5331994326553653,-0.2046294076264745,-0.18492975830125713,1458,1
-0.04937659689482228,-0.26233551123451593,-0.3057600016342838,-0.2046294076264745,-0.7966408410835916,1333,0
0.16768719684240316,-0.8230679276959041,-0.8481169595273198,-0.2046294076264745,0.31908090468534717,1527,1
0.28737689830867225,1.0834222882728155,0.6362283989167787,-0.2046294076264745,0.22982706526060542,1610,1
0.31143805362202276,1.7563011880264814,-1.0907503354268357,-0.2046294076264745,0.7142082471179757,1626,1
-0.9187612428612787,-1.159507377572737,0.4506852291112664,-0.2046294076264745,-0.8888455175408324,209,2
-0.8587623733530233,1.251642013211232,0.4364126775877655,-0.2046294076264745,-0.5832414387837391,317,2
0.17449824934219946,0.6909095967498439,0.12241654407074462,-0.2046294076264745,-0.47174342002444447,1534,1
0.07363306483516648,1.5880814630880649,-0.5483933775337999,-0.2046294076264745,0.3561844729374679,1447,1
-0.765666580390984,-1.0473608942804593,-0.6197561351513046,-0.2046294076264745,-1.2187003448145781,493,2
0.3147922402802139,-0.9912876526343205,-0.2914874501107828,-0.2046294076264745,1.1893263666385439,1631,1
-0.27397019741574224,-1.439873585803431,-1.0622052323798339,-0.2046294076264745,-0.9516855166068376,1131,0
-0.33479050039130986,-1.3277271025111534,0.4364126775877655,-0.2046294076264745,-1.130811588260523,1064,0
-0.8259050346605389,-0.03804254464996068,-0.6340286866748056,-0.2046294076264745,-0.0045438075319568375,391,2
-0.16670467714256904,1.1394955299189544,-1.290566056755849,-0.2046294076264745,-0.5269548638751278,1235,0
-0.5307708351341912,-0.6548482027574877,0.3650499199702607,-0.2046294076264745,0.7007062432353574,849,0
0.12363782715779113,0.8591293216882603,-0.3057600016342838,-0.2046294076264745,0.43556968694743375,1492,1
0.11956488621570192,0.5787631134575663,0.33650481692325884,-0.2046294076264745,-0.9382040402861848,1488,1
-0.20825552003077333,-1.2716538608650145,-1.4903817780848623,-0.2046294076264745,-1.1032943914461564,1198,0
0.41120799350597315,-0.9912876526343205,0.1509616471177465,-0.2046294076264745,-0.9223593283942867,1677,1
0.07397532877987974,0.2983969052268722,0.4364126775877655,-0.2046294076264745,1.3230890922943568,1448,1
0.2958650441375641,-0.15018902794223832,0.7504088111047863,-0.2046294076264745,-1.1394459940121404,1615,1
1.7899156156004103,0.9152025633343992,0.550593089775773,-0.2046294076264745,0.23385046740578702,2092,1
0.6061957628091856,0.6348363551037051,-0.9908424747623292,-0.2046294076264745,-0.7581978494132408,1780,1
0.8387641132419275,-0.0941157862960995,-0.39139531077528944,-0.2046294076264745,0.2305147385864401,1871,1
-0.7456441396252512,1.5880814630880649,-0.6197561351513046,-0.2046294076264745,0.32308891115905475,539,2
-0.8605079194710615,0.6909095967498439,-0.9622973717153274,-0.2046294076264745,-0.6527451976527012,314,2
0.10317044326393114,0.9152025633343992,-0.9337522686683254,-0.2046294076264745,1.4040959836995741,1468,1
0.5070076716312482,0.41054338851914984,0.5934107443462758,-0.2046294076264745,-1.1278479215017956,1740,1
-0.8274794488062204,1.5320082214419262,0.4364126775877655,-0.2046294076264745,-0.3653362366325225,382,2
-0.47659045268606326,-0.9352144109881817,-1.4761092265613613,-0.2046294076264745,-0.9240682479278906,909,0
-0.6724338818510592,1.0834222882728155,-0.6340286866748056,-0.2046294076264745,2.3801738573096674,651,2
-0.8066698009676468,1.6441547047342038,-0.34857765620478665,-0.2046294076264745,0.487850821327583,425,2
-0.9256407481500178,1.9245209129648977,-0.24866979554028,-0.2046294076264745,-0.4087109750650154,192,2
-0.42412138996150206,1.9805941546110366,-0.791026753433316,-0.2046294076264745,-0.05132355530542916,969,0
-0.4160097344717949,-0.37448199452679354,-0.20585214096977716,-0.2046294076264745,1.0371324562832167,977,0
-0.7162094403799005,0.07410393864231694,0.7789539141517882,-0.2046294076264745,-0.6532660845375684,582,2
0.925014627309699,0.46661663016528865,-1.5046543296083634,-0.2046294076264745,-0.34228891643608084,1891,1
-0.5460700334628793,1.307715254857371,-0.2201246924932781,-0.2046294076264745,-0.24011810864472954,828,0
0.5451358750723186,-0.9352144109881817,1.0501323930983062,-0.2046294076264745,0.5571493045768932,1755,1
-0.6716466747782184,1.1955687715650931,0.3793224714937617,-0.2046294076264745,0.3636334119855941,655,2
0.010108876696363142,-0.03804254464996068,-0.9765699232388283,-0.2046294076264745,0.7138721082907953,1389,0
-0.10855403293576575,0.5226898718114275,0.1795067501647484,-0.2046294076264745,0.42796422523932287,1286,0
0.16388806705608477,-0.8791411693420429,-0.9908424747623292,-0.2046294076264745,-0.7753409295994383,1521,1
0.38971381777797276,-0.20626226958837712,-0.4484855168692932,-0.2046294076264745,1.5382718265399367,1667,1
-0.6381390345907786,-0.54270171946521,-0.12021683182877146,-0.2046294076264745,1.0199431890825974,692,2
0.0640496743831918,0.46661663016528865,-0.47703061991629514,-0.2046294076264745,-0.11335014972856294,1438,1
-0.12672824840004623,-0.4305552361729324,0.32223226539975786,-0.2046294076264745,0.6212902378824435,1270,0
-0.7026557881692507,-0.8791411693420429,0.3507773684467598,-0.2046294076264745,0.3181007136015084,599,2
-0.12183387399064488,1.0273490466266768,-0.020308971164264843,-0.2046294076264745,2.1744030102251366,1278,0
-0.7980105231663983,1.6441547047342038,1.578216799467841,-0.2046294076264745,-0.9653594388209145,438,2
-0.4165915831778077,0.6909095967498439,-0.4342129653457923,-0.2046294076264745,-0.35548557283446647,976,0
-0.3360568769867494,0.6909095967498439,0.32223226539975786,-0.2046294076264745,0.24479165793324487,1061,0
-0.8439765709414053,1.0273490466266768,0.19377930168824936,-0.2046294076264745,-0.21073546963677417,348,2
0.47302086192120957,0.6348363551037051,0.20805185321175032,-0.2046294076264745,-0.33655402881204965,1723,1
-0.7629969216222195,1.0834222882728155,0.6076832958697769,-0.2046294076264745,0.31812124116347357,500,2
-0.3931465029649412,-1.2155806192188758,-1.5046543296083634,-0.2046294076264745,-0.9908623686174447,1001,0
1.131878955494466,-0.03804254464996068,-0.16303448639927431,-0.2046294076264745,1.7336223699818765,1949,1
-0.10016856629028797,-0.8791411693420429,0.8217715687222911,-0.2046294076264745,1.10232799308473,1291,0
0.22114882500663313,1.9805941546110366,-1.033660129332832,-0.2046294076264745,0.22840809753976019,1566,1
0.8984207188054694,0.2983969052268722,-0.39139531077528944,-0.2046294076264745,-1.102229524169211,1887,1
-0.5657502102838986,-0.9352144109881817,0.5791381928227749,-0.2046294076264745,-1.2300597844170773,797,0
-0.9339919884010243,-0.26233551123451593,-1.4618366750378604,-0.2046294076264745,-1.189369024711536,175,2
-0.7441381782685124,0.46661663016528865,-0.8766620625743217,-0.2046294076264745,0.7439629481865505,540,2
-0.9891649362888212,1.307715254857371,1.1214951507158109,-0.2046294076264745,-0.2340701757007288,50,2
-0.40642634401982036,-1.4959468274495697,-1.4332915719908585,-0.2046294076264745,0.964141577825414,987,0
-0.624414250407772,-0.9912876526343205,-0.16303448639927431,-0.2046294076264745,-1.0795542660333888,714,0
-0.4655695536662924,0.07410393864231694,2.234754169548885,-0.2046294076264745,1.0707514708917427,916,0
0.8388667924253413,1.4198617381496486,-0.8052993049568169,-0.2046294076264745,-0.7413934739994691,1872,1
0.06781457777503905,1.251642013211232,-1.4761092265613613,-0.2046294076264745,2.4442788673817786,1442,1
-0.057043309256402025,0.018030696996178132,-1.290566056755849,-0.2046294076264745,1.185505674167769,1326,0
-0.9359771192803619,-0.8791411693420429,-1.3048386082793502,-0.2046294076264745,-0.6048543955878617,172,2
0.989805192043942,-0.4866284778190712,-0.47703061991629514,-0.2046294076264745,0.39559482596542905,1913,1
0.25585438900057,0.5787631134575663,0.33650481692325884,-0.2046294076264745,-0.48228688903882655,1587,1
0.2944617619642392,0.5226898718114275,2.3632071332603934,-0.2046294076264745,0.8359007663382437,1613,1
-0.1727969753584672,1.1394955299189544,0.4221401260642645,-0.2046294076264745,-0.6419477000589997,1229,0
-0.8518144152753416,-1.4959468274495697,0.2365969562587522,-0.2046294076264745,-1.170424650962891,330,2
-1.0045668138009232,0.8591293216882603,-0.006036419640763895,-0.2046294076264745,0.2319414041430222,20,2
-0.8100239876258379,-0.5987749611113489,-0.8766620625743217,-0.2046294076264745,0.5563025426458281,418,2
0.37831642841901725,-1.0473608942804593,1.7352148662263516,-0.2046294076264745,0.44494308492979884,1659,1
0.776745886459863,0.7469828383959827,-0.6197561351513046,-0.2046294076264745,2.028190318237423,1855,1
-0.6458399733468296,-1.0473608942804593,1.8208501753673574,-0.2046294076264745,0.6374377313133285,682,2
-0.7790833270237484,1.0273490466266768,-1.0051150262858302,-0.2046294076264745,0.5688371851708358,471,2
-0.5914884589263448,0.41054338851914984,-0.5769384805808018,-0.2046294076264745,0.4101257738915535,766,0
0.0903013189427081,0.5226898718114275,-1.276293505232348,-0.2046294076264745,-0.7352403373003968,1461,1
-0.8829262078497879,1.4198617381496486,0.6219558473932778,-0.2046294076264745,-0.40766663535003533,280,2
-0.47902052669352824,0.7469828383959827,-1.047932680856333,-0.2046294076264745,0.8260141793067484,906,0
-0.7406128596379646,-1.2716538608650145,-0.7339365473393122,-0.2046294076264745,-0.8464945912613544,548,2
-0.3553947898630554,-0.4305552361729324,0.80749901719879,-0.2046294076264745,-0.3147563239502402,1039,0
-0.9615100095559799,1.9245209129648977,0.6505009504402797,-0.2046294076264745,0.635762169067918,109,2
0.6037314624072494,0.6909095967498439,1.349855975091826,-0.2046294076264745,-0.9312144054370299,1779,1
1.1640175399030523,1.9245209129648977,0.46495778063476734,-0.2046294076264745,-0.23363396500896808,1960,1
-0.4930875748212481,1.1955687715650931,0.7789539141517882,-0.2046294076264745,-0.07705998611931374,892,0
-0.38010624667136145,-1.4959468274495697,0.27941461082925506,-0.2046294076264745,1.1811666607573723,1016,0
1.1856828476034094,-1.159507377572737,-0.9194797171448245,-0.2046294076264745,-0.8038639769501005,1972,1
-0.2429953104191814,-0.20626226958837712,0.6933186050107825,-0.2046294076264745,1.309353587394384,1163,0
0.025134263869280474,-1.2716538608650145,1.4640363872798337,-0.2046294076264745,-1.069642019549437,1407,0
-0.22095351237963975,-0.15018902794223832,-1.1763856445678416,-0.2046294076264745,0.6044755986876893,1185,0
1.695827257198702,1.307715254857371,-0.6197561351513046,-0.2046294076264745,2.1235049203323935,2077,1
-0.2514492298536019,0.41054338851914984,-0.3771227592517885,-0.2046294076264745,0.8626789709218624,1155,0
-0.2834851350787742,-1.2155806192188758,-0.8052993049568169,-0.2046294076264745,-1.057618000128314,1120,0
-0.4593061234780375,1.0273490466266768,-0.12021683182877146,-0.2046294076264745,0.4722267807268112,922,0
-0.3513903017099088,-0.5987749611113489,-0.4056678622987904,-0.2046294076264745,-0.9605380277043354,1043,0
-0.240120293283589,-0.5987749611113489,2.2490267210723855,-0.2046294076264745,1.6401295890113188,1167,0
-0.12922677519645398,-1.0473608942804593,-0.2772148985872819,-0.2046294076264745,-1.0774809822749023,1267,0
-0.815089494007596,-0.4866284778190712,-0.9194797171448245,-0.2046294076264745,1.2425440710333557,412,2
-0.6322178683472371,1.5880814630880649,-1.2620209537088471,-0.2046294076264745,-0.3350093297741674,703,2
-0.9783493956358783,-1.3277271025111534,0.16523419864124747,-0.2046294076264745,-1.2299058277023383,74,2
0.10775678012309035,0.5787631134575663,-1.5046543296083634,-0.2046294076264745,1.77575775686072,1474,1
-0.4908628591806111,0.9152025633343992,-0.534120826010299,-0.2046294076264745,0.25559685336268345,894,0
-0.21978981496761424,-1.3838003441572921,2.5344777515424046,-0.2046294076264745,-0.8779530799730418,1187,0
-0.5334404939029556,-1.4959468274495697,-0.04885407421126674,-0.2046294076264745,-0.8764673976758096,845,0
-0.30333644387215025,0.5787631134575663,0.09387144102374273,-0.2046294076264745,0.8329217039080422,1095,0
-0.12498270228200803,-0.15018902794223832,0.6076832958697769,-0.2046294076264745,0.2531669032150514,1272,0
-0.6809220276799511,-0.7109214444036265,-0.03458152268776579,-0.2046294076264745,1.2783005180315095,631,2
-0.719700532615977,-1.3277271025111534,1.892212932984862,-0.2046294076264745,-0.9259080306690227,577,2
-0.733356864010041,-0.7109214444036265,0.550593089775773,-0.2046294076264745,2.0703770240211794,557,2
-0.10304358342588028,0.07410393864231694,-1.1335679899973388,-0.2046294076264745,-0.20101566904624626,1289,0
1.9590966834722339,-0.8791411693420429,-1.1478405415208397,-0.2046294076264745,-1.0797980308317257,2115,1
-0.4557123520585471,1.868447671318759,-0.13448938335227242,-0.2046294076264745,-0.4002228281924003,926,0
1.5760006501545478,1.3637884965035096,-0.41994041382229136,-0.2046294076264745,0.2697352116662231,2052,1
-0.6636376984719254,-0.9352144109881817,0.9787696354808014,-0.2046294076264745,1.1579345925032434,664,2
0.9797768584638398,0.5787631134575663,0.27941461082925506,-0.2046294076264745,0.320923253371725,1906,1
-0.32034696192440526,1.81237442967262,0.564865641299274,-0.2046294076264745,-0.19542447435597166,1078,0
-0.8356253306903988,0.6348363551037051,0.6505009504402797,-0.2046294076264745,0.16936826338256483,362,2
-0.8375420087807938,1.307715254857371,-1.5046543296083634,-0.2046294076264745,0.3135949137501442,360,2
-0.6074721851444597,0.24232366358073337,-0.20585214096977716,-0.2046294076264745,0.0745027017055833,741,0
-0.2630519775793854,-0.7669946860497653,-1.3048386082793502,-0.2046294076264745,0.7753957774457814,1145,0
-0.611442446903135,0.018030696996178132,-0.4627580683927942,-0.2046294076264745,1.2020996420713972,735,0
-0.3913325040579603,-1.3277271025111534,-0.6483012381983065,-0.2046294076264745,-1.2768190046285846,1003,0
1.9208658008477495,0.8591293216882603,1.5353991448973383,-0.2046294076264745,0.4880483991114983,2110,1
-0.9795473194423752,-0.20626226958837712,0.12241654407074462,-0.2046294076264745,-0.7073613422063932,72,2
-0.8087233846359271,1.7002279463803425,0.6362283989167787,-0.2046294076264745,-0.2101504341207657,420,2
-0.6659650932959764,0.24232366358073337,0.4364126775877655,-0.2046294076264745,1.0617732284772077,661,2
-1.0146293737754966,0.5787631134575663,1.092950047668809,-0.2046294076264745,0.6233455600242104,6,2
0.4364670726258206,-1.0473608942804593,0.7504088111047863,-0.2046294076264745,1.2232558606217934,1695,1
-0.8101266668092519,0.41054338851914984,1.6923972116558488,-0.2046294076264745,0.27604487102528014,417,2
-0.7990030886060672,0.35447014687301104,-1.1763856445678416,-0.2046294076264745,1.9056613008670726,436,2
0.7713381161333914,0.46661663016528865,-0.5198482744867979,-0.2046294076264745,-0.13530950914084844,1852,1
-0.8467489088935837,1.1394955299189544,0.6362283989167787,-0.2046294076264745,-0.9222156354605301,338,2
-0.6420066171660398,-1.439873585803431,-0.34857765620478665,-0.2046294076264745,-0.9407212325721687,686,2
-0.8323395968211503,-1.2155806192188758,-1.2192032991383444,-0.2046294076264745,-1.0217640472108256,371,2
-0.7457810452031366,1.307715254857371,-0.06312662573476768,-0.2046294076264745,1.325390745179706,537,2
-0.9613046511891519,-0.8230679276959041,0.3793224714937617,-0.2046294076264745,-1.1747636643732877,110,2
-0.7839092486442071,-0.8791411693420429,0.5363205382522721,-0.2046294076264745,2.252394915966714,464,2
1.1832869999904156,-1.4959468274495697,-0.20585214096977716,-0.2046294076264745,-1.0434924715510026,1971,1
0.10501866856538328,-0.15018902794223832,-1.2620209537088471,-0.2046294076264745,-0.5832363068932478,1470,1
-0.7700133324888438,1.3637884965035096,-1.0764777839033348,-0.2046294076264745,0.2831089182865589,482,2
0.19544480275865833,0.35447014687301104,2.2775718241193874,-0.2046294076264745,1.2902809163834565,1549,1
1.6983942367840525,-1.2716538608650145,1.892212932984862,-0.2046294076264745,-0.9518061160333833,2078,1
-0.9187612428612787,-0.9912876526343205,-0.7196639958158112,-0.2046294076264745,0.6882768044654216,209,2
1.2195327517355627,-0.4305552361729324,-0.2772148985872819,-0.2046294076264745,-0.314787115293188,1978,1
0.23538700510670982,-1.3277271025111534,-0.39139531077528944,-0.2046294076264745,-0.9116772983366395,1577,1
-0.21876302313347407,1.5320082214419262,0.32223226539975786,-0.2046294076264745,-0.09337426599116594,1189,0
0.5961674292290835,-1.4959468274495697,0.2651420593057541,-0.2046294076264745,-1.0441108643552046,1775,1
-0.28837950948817553,1.5880814630880649,-0.2772148985872819,-0.2046294076264745,-0.7957504580833505,1113,0
-0.1487015936506452,0.18625042193459457,-1.047932680856333,-0.2046294076264745,-0.673878322695887,1248,0
0.9585907202860817,-0.4305552361729324,-0.8052993049568169,-0.2046294076264745,2.5311899987972404,1901,1
-0.43603217523752774,-0.9912876526343205,2.0777561027903744,-0.2046294076264745,-0.8067224399537563,952,0
0.11278806011037713,1.0834222882728155,-0.09167172878176957,-0.2046294076264745,-0.664114901036183,1478,1
-0.5658528894673127,-0.54270171946521,-1.033660129332832,-0.2046294076264745,0.6015863443410856,796,0
-0.7653585428407418,-1.4959468274495697,-0.7624816503863141,-0.2046294076264745,-0.8783764609385744,494,2
-0.34389472132068577,-0.9352144109881817,0.22232440473525125,-0.2046294076264745,-0.512808807735851,1050,0
-0.9463819431996486,1.4198617381496486,0.8645892232927939,-0.2046294076264745,-0.4225337221033401,146,2
1.36961549149238,-0.03804254464996068,0.4792303321582683,-0.2046294076264745,0.4389208114382547,2005,1
-0.512220129330726,-1.3838003441572921,-1.2049307476148434,-0.2046294076264745,-0.9301007852004172,869,0
-0.9425828134133301,-1.439873585803431,-0.9052071656213235,-0.2046294076264745,0.12071280963452118,156,2
-1.0158272975819933,-1.1034341359265982,0.27941461082925506,-0.2046294076264745,-0.9638250035640148,4,2
1.5725095579184714,1.1394955299189544,1.1928579083333157,-0.2046294076264745,1.3958208102823482,2048,1
-0.8859381305632656,-1.1034341359265982,0.3650499199702607,-0.2046294076264745,-0.8964997322086109,272,2
-0.9076718910525654,-0.7669946860497653,-1.5617445357023672,-0.2046294076264745,0.9090481674560309,227,2
-0.9481274893176869,-1.2716538608650145,-0.8623895110508207,-0.2046294076264745,-1.0684745144626655,144,2
1.2473930368352317,-1.2155806192188758,1.4212187327093309,-0.2046294076264745,-0.7998200472429536,1986,1
-0.030415174357701157,0.5787631134575663,-0.13448938335227242,-0.2046294076264745,0.9553198580708644,1349,0
-0.8988072548844888,-0.8230679276959041,-0.20585214096977716,-0.2046294076264745,2.3650399122508143,245,2
-0.28382739902348764,0.07410393864231694,-1.333383711326352,-0.2046294076264745,0.06542695337171399,1119,0
-0.9319041783382727,0.6909095967498439,-0.7624816503863141,-0.2046294076264745,0.8987510291852312,180,2
1.095256713410134,-0.20626226958837712,-1.1335679899973388,-0.2046294076264745,0.20351586271169497,1944,1
0.5090612552995284,1.0273490466266768,-0.6054835836278036,-0.2046294076264745,0.7056764791761845,1742,1
0.2747131323542772,-0.6548482027574877,1.2071304598568167,-0.2046294076264745,-0.7335339837120386,1602,1
-0.9809848280101712,-0.8230679276959041,-1.0907503354268357,-0.2046294076264745,0.4797296046250961,68,2
-0.07597050539905204,-0.4866284778190712,-0.7482090988628132,-0.2046294076264745,1.1763093264073539,1307,0
-0.40351710048975664,1.868447671318759,-0.5483933775337999,-0.2046294076264745,0.20427025061391663,992,0
-0.9080826077862213,-0.03804254464996068,-1.0622052323798339,-0.2046294076264745,0.7015760986736332,226,2
-0.08124137014763796,1.9245209129648977,-0.14876193487577336,-0.2046294076264745,-0.14622760616109537,1305,0
0.2662592129198566,-1.439873585803431,-1.2477484021853462,-0.2046294076264745,-0.9766521638470267,1594,1
0.31256752463957704,-1.2155806192188758,0.5077754352052702,-0.2046294076264745,-0.8451012829929657,1628,1
0.6680428576188934,-1.1034341359265982,-1.1621130930443406,-0.2046294076264745,-1.1638532651887774,1805,1
-0.5093108858006624,0.6909095967498439,-1.347656262849853,-0.2046294076264745,0.6899626304918146,874,0
0.32174019835789563,0.2983969052268722,-0.23439724401677905,-0.2046294076264745,-0.6946342537879618,1637,1
-0.382194056734113,-0.20626226958837712,-0.9480248201918264,-0.2046294076264745,-1.2088137577830829,1015,0
0.08496200140517936,-0.9912876526343205,-0.8909346140978226,-0.2046294076264745,-0.9943058671371089,1459,1
-0.9493938659131264,-1.4959468274495697,-1.3904739174203558,-0.2046294076264745,-1.1077411745568704,139,2
-0.3375970647379596,0.9152025633343992,2.134846308884378,-0.2046294076264745,-0.11663455964299667,1055,0
-0.6620290579317725,1.0273490466266768,-0.16303448639927431,-0.2046294076264745,-0.02672383823536828,666,2
-0.8275821279896344,-0.31840875288065473,-0.7339365473393122,-0.2046294076264745,0.05979213761226329,381,2
-0.9819089406608975,-0.7669946860497653,0.836044120245792,-0.2046294076264745,1.434751331549373,64,2
-0.6917375683328938,-0.6548482027574877,-0.9765699232388283,-0.2046294076264745,-0.6873392714545747,613,2
0.6140678335375934,-0.9912876526343205,2.2632992725958867,-0.2046294076264745,0.37325057476629586,1785,1
-0.9876247485376107,0.41054338851914984,-0.8052993049568169,-0.2046294076264745,-0.5958094385969401,55,2
-0.9454920569433937,0.6909095967498439,-0.2914874501107828,-0.2046294076264745,-1.1430075260131047,150,2
-0.06631866215813474,-0.9352144109881817,-1.333383711326352,-0.2046294076264745,-0.9664781909480185,1321,0
0.3095556019260993,1.5880814630880649,-1.1335679899973388,-0.2046294076264745,-0.536620779615497,1624,1
-0.28156845698837935,-0.9912876526343205,1.378401078138828,-0.2046294076264745,-0.9060065593437496,1123,0
-0.3535123381671318,1.1955687715650931,0.5934107443462758,-0.2046294076264745,2.3818237601026206,1041,0
-0.8897372603495842,-1.3838003441572921,-0.14876193487577336,-0.2046294076264745,-0.8653234974739452,266,2
-0.9517212607371773,1.0834222882728155,0.03678123492973895,-0.2046294076264745,-1.0396563834087535,133,2
-0.7403390484821939,-0.20626226958837712,-0.23439724401677905,-0.2046294076264745,0.5334630640142841,549,2
0.057786244194937,0.7469828383959827,1.5496716964208392,-0.2046294076264745,1.2342227106017083,1434,1
0.5783697041039878,0.7469828383959827,-1.5474719841788662,-0.2046294076264745,1.4886772368319847,1766,1
0.34005131940006134,-1.2716538608650145,-0.2772148985872819,-0.2046294076264745,-1.1274553318792107,1647,1
0.5983579184752493,0.5787631134575663,-0.4627580683927942,-0.2046294076264745,0.5171359544162035,1777,1
-0.7889405286314938,0.8030560800421215,-1.5046543296083634,-0.2046294076264745,1.0045808748968816,455,2
-0.6673683754693012,1.9245209129648977,-0.006036419640763895,-0.2046294076264745,-0.11713491896589891,659,2
0.5333619953741784,1.1955687715650931,0.3935950230172626,-0.2046294076264745,0.3215108548329792,1752,1
-0.10434418641579112,-1.0473608942804593,0.7218637080577844,-0.2046294076264745,-0.95730750264006,1288,0
-0.637967902618422,1.1955687715650931,-1.0907503354268357,-0.2046294076264745,2.3700794287132743,693,2
-0.6040495456973258,1.307715254857371,0.550593089775773,-0.2046294076264745,2.0212802276908834,746,0
-0.28879022622183165,0.35447014687301104,-0.3628502077282876,-0.2046294076264745,-0.07121219690447397,1111,0
-0.3757252681790302,0.8591293216882603,0.8645892232927939,-0.2046294076264745,-0.759226793456747,1018,0
0.596304334806969,-0.5987749611113489,0.3079597138762569,-0.2046294076264745,2.4940736008188917,1776,1
-0.7319878082311873,0.6909095967498439,-1.033660129332832,-0.2046294076264745,-0.013378357012734786,561,2
-0.2926920351915642,1.5320082214419262,-0.20585214096977716,-0.2046294076264745,0.5418306114603537,1106,0
-0.6793818399287409,1.9245209129648977,1.1785853568098148,-0.2046294076264745,-0.6429894738287342,636,2
1.853953199656284,0.8591293216882603,-0.47703061991629514,-0.2046294076264745,1.6487562969271987,2098,1
-1.0042587762506812,-0.37448199452679354,-1.1621130930443406,-0.2046294076264745,0.6951894609572066,21,2
-0.8466462297101697,0.7469828383959827,-0.791026753433316,-0.2046294076264745,0.6392954756711801,340,2
-0.5538051986134017,0.6909095967498439,2.134846308884378,-0.2046294076264745,-0.9322202559733253,813,0
0.24257454794569067,1.307715254857371,-1.2192032991383444,-0.2046294076264745,2.202317928552579,1579,1
-0.9573343894304768,1.0834222882728155,0.22232440473525125,-0.2046294076264745,1.8555535221099901,120,2
-0.5813574461628288,-0.7669946860497653,-1.033660129332832,-0.2046294076264745,0.9025845513822347,782,0
-0.9615100095559799,0.018030696996178132,-1.019387577809331,-0.2046294076264745,-0.7468999924966373,109,2
0.06661665396854215,-0.03804254464996068,-0.5626659290573008,-0.2046294076264745,2.385380160213094,1441,1
0.6125618721808544,1.9245209129648977,-0.06312662573476768,-0.2046294076264745,-0.0562424723413431,1783,1
-0.482853882874318,-1.159507377572737,0.5791381928227749,-0.2046294076264745,0.9925517235852677,901,0
-0.8301148811805134,-0.5987749611113489,2.0206658966963706,-0.2046294076264745,-0.3390763529885252,379,2
-0.9648984226086424,-0.9912876526343205,-1.1621130930443406,-0.2046294076264745,-1.1349889471204437,102,2
0.19174835215575387,1.4198617381496486,0.3650499199702607,-0.2046294076264745,0.4268916601266404,1546,1
-0.0017334557907199295,1.7563011880264814,0.836044120245792,-0.2046294076264745,0.08619828013526282,1378,0
1.1985861983191037,-0.4866284778190712,0.022508683406238,-0.2046294076264745,2.2237846264776997,1975,1
-0.7619359033936081,0.24232366358073337,0.836044120245792,-0.2046294076264745,1.1636977055249769,504,2
-0.08124137014763796,-0.9352144109881817,-1.2049307476148434,-0.2046294076264745,-1.0480059692381034,1305,0
-0.28016517481505443,0.35447014687301104,-0.7624816503863141,-0.2046294076264745,-0.37381155377890946,1125,0
0.4207913839579478,-1.0473608942804593,-0.9194797171448245,-0.2046294076264745,-0.8556627136240672,1681,1
1.337237322322494,-1.2155806192188758,-1.3904739174203558,-0.2046294076264745,0.019935310111558593,1998,1
-0.04270244997291141,0.5787631134575663,0.4364126775877655,-0.2046294076264745,2.4978275787132795,1338,0
-0.2878661135711055,1.0273490466266768,-1.4903817780848623,-0.2046294076264745,0.032056835452016215,1115,0
0.5662877868556055,0.35447014687301104,0.564865641299274,-0.2046294076264745,1.3151449258138195,1763,1
-0.5052721712530445,1.5880814630880649,0.80749901719879,-0.2046294076264745,0.6101771290235269,878,0
0.04074149974821061,0.7469828383959827,0.3935950230172626,-0.2046294076264745,-1.0626600825360193,1425,1
0.27183811521868473,-1.0473608942804593,-0.6911188927688093,-0.2046294076264745,0.3380432400507116,1600,1
-0.7543718702154424,1.307715254857371,0.5363205382522721,-0.2046294076264745,2.300249794798114,515,2
-0.5159165799336306,1.0834222882728155,2.177663963454881,-0.2046294076264745,-0.28811411446464075,863,0
-0.5854646134993894,-1.2716538608650145,0.3793224714937617,-0.2046294076264745,-1.0653260996462512,775,0
-0.6719204859339891,-1.159507377572737,-1.047932680856333,-0.2046294076264745,-1.1316275588486402,654,2
-0.3856851489701895,0.7469828383959827,2.1205737573608774,-0.2046294076264745,-1.0152850354655556,1009,0
0.5253530190678852,0.07410393864231694,0.7932264656752891,-0.2046294076264745,-0.9640174494574386,1748,1
0.7489198277546651,-1.1034341359265982,-0.3628502077282876,-0.2046294076264745,-0.9772089739653331,1842,1
1.9932888515491005,-1.1034341359265982,-1.290566056755849,-0.2046294076264745,-1.2448601565939952,2123,1
-0.7905149427771754,-1.1034341359265982,0.293687162352756,-0.2046294076264745,-1.0015161732773896,451,2
-0.6910530404434672,-0.7669946860497653,0.7075911565342834,-0.2046294076264745,-1.2254487808106416,614,2
-0.683249422504002,0.5226898718114275,0.6505009504402797,-0.2046294076264745,0.3104824221671689,625,2
1.095256713410134,-0.15018902794223832,0.12241654407074462,-0.2046294076264745,0.5240973638676562,1944,1
2.022483966033152,0.971275804980538,-0.24866979554028,-0.2046294076264745,0.7140260650055344,2129,1
-0.6509054797285876,-1.2716538608650145,0.13668909559424558,-0.2046294076264745,-1.160373843435674,681,2
-0.8936048429248454,0.971275804980538,-0.7196639958158112,-0.2046294076264745,-0.649278605625826,256,2
0.9513689510526294,-0.0941157862960995,0.13668909559424558,-0.2046294076264745,-1.2519319016910107,1898,1
-0.7282229048393403,-0.4305552361729324,-0.7053914442923103,-0.2046294076264745,-0.09694862771835855,565,2
-0.9922110853967702,0.41054338851914984,-0.505575722963297,-0.2046294076264745,0.584951321313527,43,2
-0.644676275934804,0.6348363551037051,-1.319111159802851,-0.2046294076264745,2.1545400280785483,683,2
-0.23128988350998375,1.9245209129648977,0.06532633797674084,-0.2046294076264745,-0.1661034180339119,1170,0
0.2199509012001364,0.5226898718114275,-0.12021683182877146,-0.2046294076264745,0.6057867967082173,1564,1
-0.5996685672049947,0.07410393864231694,-0.3057600016342838,-0.2046294076264745,0.5496387828428712,751,0
1.1803777564603517,1.1394955299189544,0.12241654407074462,-0.2046294076264745,1.617692963783342,1965,1
-0.8036236518596978,-1.1034341359265982,-1.2620209537088471,-0.2046294076264745,-1.0451115830010085,426,2
-0.41909010997421536,1.3637884965035096,-0.7196639958158112,-0.2046294076264745,0.23750437343559472,975,0
-0.4437673403880501,-0.7109214444036265,-1.5474719841788662,-0.2046294076264745,-0.41436375244118573,942,0
-0.9795473194423752,1.251642013211232,-0.6625737897218075,-0.2046294076264745,0.3888207305169092,72,2
0.2889170860598824,0.971275804980538,0.3935950230172626,-0.2046294076264745,1.2939168607965448,1611,1
-0.7952039588197487,-0.9352144109881817,-0.9337522686683254,-0.2046294076264745,1.0396137253357618,446,2
1.4800982928458588,1.81237442967262,-0.3771227592517885,-0.2046294076264745,0.3260320503558171,2026,1
-0.7267853962715439,0.971275804980538,-1.319111159802851,-0.2046294076264745,0.25203018947122774,568,2
1.468153281175362,-1.4959468274495697,2.2490267210723855,-0.2046294076264745,-1.0532379315939868,2024,1
-0.5724585836002809,0.018030696996178132,-0.8052993049568169,-0.2046294076264745,-0.18787802938851064,788,0
-0.7856890211567167,-1.3838003441572921,-1.033660129332832,-0.2046294076264745,-0.9572613156256383,460,2
-0.7954093171865767,-1.0473608942804593,-0.6768463412453084,-0.2046294076264745,0.5817490216469541,445,2
-0.3629245966467497,1.0273490466266768,-0.9765699232388283,-0.2046294076264745,-0.803594552699307,1031,0
-0.2901592820006852,-0.31840875288065473,0.03678123492973895,-0.2046294076264745,0.49350359870375343,1108,0
-0.7162778931688433,-0.8230679276959041,0.2651420593057541,-0.2046294076264745,-0.3606739141211737,581,2
-0.851848641669813,-0.15018902794223832,-0.9765699232388283,-0.2046294076264745,-0.7885863389574915,329,2
0.3163666544258954,-1.0473608942804593,-1.0051150262858302,-0.2046294076264745,-0.6405133366666804,1633,1
-0.8534915086044372,-0.4305552361729324,1.7494874177498525,-0.2046294076264745,0.9673515753277241,326,2
0.12380895913014786,1.0273490466266768,0.22232440473525125,-0.2046294076264745,-0.8859639610299659,1493,1
-0.6755827101424224,1.9245209129648977,-0.9765699232388283,-0.2046294076264745,-0.20618348277098847,643,2
-0.866326406531189,-0.7669946860497653,0.6362283989167787,-0.2046294076264745,-1.2190903684919172,305,2
-0.7375324841355441,-0.9352144109881817,-1.4047464689438567,-0.2046294076264745,-0.821199503029722,552,2
0.5125865739300763,-0.7109214444036265,-0.776754201909815,-0.2046294076264745,0.2616704457591406,1744,1
1.001476392558668,-1.1034341359265982,-1.019387577809331,-0.2046294076264745,-1.0379654254918693,1919,1
-0.35912546686043123,1.4759349797957872,0.5363205382522721,-0.2046294076264745,-0.7892047317616935,1034,0
-0.5190311818305223,-1.0473608942804593,2.134846308884378,-0.2046294076264745,-1.255170124591023,861,0
-0.9791708291031904,0.6348363551037051,-0.791026753433316,-0.2046294076264745,-0.7830823864055689,73,2
-0.9920057270299422,-0.4866284778190712,2.191936514978382,-0.2046294076264745,-0.737182757851355,45,2
-0.7469105162206907,1.6441547047342038,-0.6768463412453084,-0.2046294076264745,0.37615009289388207,536,2
0.3056880193508381,0.7469828383959827,0.25086950778225314,-0.2046294076264745,-0.8306190880265086,1622,1
-0.8434631750243352,-1.2155806192188758,-0.534120826010299,-0.2046294076264745,-0.8849555445484247,351,2
-0.14240393706791898,0.5226898718114275,-1.2049307476148434,-0.2046294076264745,0.4610341275652794,1256,0
-0.992108406213356,-0.5987749611113489,2.5487503030659058,-0.2046294076264745,-0.9734139409470145,44,2
-0.21886570231688807,1.0273490466266768,-1.5474719841788662,-0.2046294076264745,0.2519917002925431,1188,0
-0.41511984821554015,0.5787631134575663,0.09387144102374273,-0.2046294076264745,-0.690900803455539,978,0
-0.5990524921045106,-1.3277271025111534,0.4792303321582683,-0.2046294076264745,-1.2199473942039647,752,0
-0.7230204928796968,1.7002279463803425,0.07959888950024178,-0.2046294076264745,-0.5092703692420977,575,2
-0.9449444346318524,0.5226898718114275,-0.6911188927688093,-0.2046294076264745,0.6348255990532552,152,2
-0.7358211644119772,-1.0473608942804593,-1.047932680856333,-0.2046294076264745,-1.2375164213009406,553,2
0.006035935754273928,1.0273490466266768,-0.9480248201918264,-0.2046294076264745,-0.09699994662327154,1385,0
0.8413310928272778,-1.4959468274495697,0.03678123492973895,-0.2046294076264745,0.2698327175855579,1873,1
0.16806368718158793,-1.3277271025111534,-0.04885407421126674,-0.2046294076264745,-0.8918425415877533,1528,1
-0.8562638465566157,-1.159507377572737,-0.7624816503863141,-0.2046294076264745,-1.1618389981709407,322,2
-0.7965730145986021,0.7469828383959827,1.663852108608847,-0.2046294076264745,0.0945093767859281,441,2
0.1816173393922379,-0.9352144109881817,-1.019387577809331,-0.2046294076264745,-0.803278941434092,1541,1
-1.00576473760742,1.1394955299189544,0.7789539141517882,-0.2046294076264745,0.16769013519190878,18,2
-0.9416244743681326,-1.0473608942804593,-1.105022886950337,-0.2046294076264745,0.519776312073979,159,2
1.6068728579676945,0.971275804980538,-1.1621130930443406,-0.2046294076264745,-0.09772867507303659,2057,1
-0.445581339295031,-0.54270171946521,-0.23439724401677905,-0.2046294076264745,-0.7236756220782455,941,0
-0.8693725556391381,-0.8230679276959041,1.3213108720448241,-0.2046294076264745,-0.5754820203608889,300,2
0.3197550674785579,0.6348363551037051,-0.20585214096977716,-0.2046294076264745,0.45461413256065925,1636,1
0.31869404924994643,-0.03804254464996068,-1.2192032991383444,-0.2046294076264745,0.09933335384775296,1635,1
0.7204776939489833,-0.31840875288065473,0.16523419864124747,-0.2046294076264745,0.12727136568240627,1831,1
-0.89295454142989,1.1394955299189544,-0.16303448639927431,-0.2046294076264745,-0.9967435151204779,260,2
0.11867499995944716,-0.9912876526343205,-0.26294234706378095,-0.2046294076264745,-1.2626524209273426,1487,1
0.22053274990614902,-0.7109214444036265,-1.2620209537088471,-0.2046294076264745,0.37894953915688784,1565,1
-0.8730347798475713,-0.8230679276959041,-0.5626659290573008,-0.2046294076264745,2.1480969395667175,298,2
-0.6000108311497081,0.46661663016528865,0.9787696354808014,-0.2046294076264745,0.3487278360536045,750,0
-0.1676972425822378,-0.9352144109881817,-0.09167172878176957,-0.2046294076264745,-0.652275629672747,1233,0
0.5599216774839367,0.5226898718114275,0.7361362595812854,-0.2046294076264745,-1.1385966661358295,1761,1
-0.8073543288570736,0.6348363551037051,-1.0051150262858302,-0.2046294076264745,1.8574266621393158,424,2
-0.09835456738330696,-0.8791411693420429,0.40786757454076356,-0.2046294076264745,0.9370682895385449,1293,0
-0.2691442757952836,0.5226898718114275,-0.7339365473393122,-0.2046294076264745,0.5804917084765847,1137,0
-0.5904616670922048,-1.3838003441572921,-1.2620209537088471,-0.2046294076264745,-0.8386171393572043,769,0
-0.8558531298229596,0.46661663016528865,-0.06312662573476768,-0.2046294076264745,-0.9573357280377621,323,2
1.010238349543331,1.6441547047342038,1.8351227268908583,-0.2046294076264745,0.6146829288748908,1923,1
0.25616242655081195,-1.2716538608650145,1.3070383205213232,-0.2046294076264745,-0.3108945763555347,1588,1
-1.0026159093160567,-0.7109214444036265,-1.4190190204673576,-0.2046294076264745,-0.08247669653288396,25,2
-0.5227276324334268,-0.15018902794223832,-0.6483012381983065,-0.2046294076264745,0.4552196956386331,857,0
0.06469997587814721,-0.9352144109881817,2.0206658966963706,-0.2046294076264745,0.9057971148297904,1439,1
-0.9873509373818401,-1.2716538608650145,0.293687162352756,-0.2046294076264745,-1.0843987706571787,56,2
0.4230160995985847,-1.1034341359265982,-0.7624816503863141,-0.2046294076264745,0.5289059452580069,1682,1
-0.3831523957793105,0.18625042193459457,1.0644049446218071,-0.2046294076264745,-0.6244299918669369,1012,0
-0.9288580292303236,0.018030696996178132,0.8217715687222911,-0.2046294076264745,0.9597897346887893,185,2
-0.002144172524376001,0.9152025633343992,0.4506852291112664,-0.2046294076264745,-1.0327462928622142,1377,0
-0.6781496897277728,0.41054338851914984,0.10814399254724368,-0.2046294076264745,-0.33751112638867764,639,2
1.9969168493630625,-0.9352144109881817,-1.4761092265613613,-0.2046294076264745,1.2414663740301823,2124,1
-0.540662263136408,0.41054338851914984,0.8645892232927939,-0.2046294076264745,1.143000791173552,839,0
-0.6329708490256065,-0.7669946860497653,-1.4618366750378604,-0.2046294076264745,1.158925047368065,701,2
0.9283003611789475,-1.439873585803431,-0.20585214096977716,-0.2046294076264745,-0.9764905092965507,1896,1
-0.3717892328148263,-0.9352144109881817,-0.9908424747623292,-0.2046294076264745,-0.8203270816462005,1022,0
-0.37161810084246955,1.307715254857371,1.6923972116558488,-0.2046294076264745,1.4567799714832907,1023,0
0.3831081236450045,-0.54270171946521,-0.9908424747623292,-0.2046294076264745,2.4247109689384403,1662,1
-0.04965040805059313,-1.159507377572737,0.8645892232927939,-0.2046294076264745,-1.1571510162071357,1332,0
-0.49914564664267497,0.35447014687301104,-0.20585214096977716,-0.2046294076264745,-0.7483112623817456,884,0
0.4823646676118847,-0.4305552361729324,-0.23439724401677905,-0.2046294076264745,0.99583100160921,1729,1
1.0025374107872798,1.9245209129648977,-0.3771227592517885,-0.2046294076264745,-0.48466552028154547,1920,1
-0.80061172914622,1.0273490466266768,-1.2620209537088471,-0.2046294076264745,-0.19938372787001202,432,2
-0.7551590772882832,0.8030560800421215,0.1795067501647484,-0.2046294076264745,-1.1065916310868185,513,2
0.6964849914245752,0.13017718028845576,1.2642206659508204,-0.2046294076264745,0.9515556163954936,1816,1
-0.988138144454681,1.7563011880264814,-0.24866979554028,-0.2046294076264745,-0.4653593482532635,53,2
-0.4246005594841008,-1.3277271025111534,0.5791381928227749,-0.2046294076264745,-1.2039410277615907,968,0
-0.5074284341047387,0.46661663016528865,0.051053786453239894,-0.2046294076264745,-1.046448440473993,877,0
0.3099320922652839,0.46661663016528865,1.6781246601323478,-0.2046294076264745,1.1831706639942259,1625,1
-0.5873812915897842,1.1394955299189544,0.6790460534872815,-0.2046294076264745,0.23818434892569226,772,0
-0.8406566106776855,0.2983969052268722,-1.2620209537088471,-0.2046294076264745,0.8525819763802241,354,2
0.3150318250415133,0.971275804980538,1.378401078138828,-0.2046294076264745,0.5161942525110494,1632,1
0.04146025403210864,1.251642013211232,0.25086950778225314,-0.2046294076264745,-0.18867347241466248,1426,1
1.4598362673188265,-0.20626226958837712,0.20805185321175032,-0.2046294076264745,1.4906453168353995,2022,1
-0.5910092894037461,-1.159507377572737,-0.5912110321043027,-0.2046294076264745,-1.1473465394235012,767,0
0.6491498878707148,0.41054338851914984,0.6362283989167787,-0.2046294076264745,0.6657401073728645,1796,1
1.157719883320326,0.07410393864231694,-0.5912110321043027,-0.2046294076264745,2.0921824267187255,1957,1
-0.3149049652034625,0.971275804980538,0.3507773684467598,-0.2046294076264745,-0.3929175820780305,1081,0
-0.8838845468949855,-1.1034341359265982,0.1795067501647484,-0.2046294076264745,-1.0755231660524702,277,2
-0.1494203479345433,-0.54270171946521,-0.8052993049568169,-0.2046294076264745,0.17322487908677897,1247,0
0.4762381430015153,-0.4866284778190712,1.335583423568325,-0.2046294076264745,-0.15344561013711308,1727,1
-0.24960100455214967,1.7563011880264814,-0.8052993049568169,-0.2046294076264745,0.6256933999239817,1158,0
1.5574157179566115,1.1394955299189544,-0.06312662573476768,-0.2046294076264745,2.405894892452078,2046,1
-0.7500935709065252,-0.7669946860497653,-1.1192954384738378,-0.2046294076264745,2.2780620662589657,526,2
-0.8476387951498384,0.46661663016528865,-0.4627580683927942,-0.2046294076264745,-1.264386999913403,336,2
-0.5655448519170707,-1.4959468274495697,0.6362283989167787,-0.2046294076264745,-1.1256925274954481,798,0
-0.7341440710828817,0.9152025633343992,0.8217715687222911,-0.2046294076264745,-0.5253947691657717,555,2
-0.5087290370946496,0.07410393864231694,0.80749901719879,-0.2046294076264745,1.0947045697598992,875,0
-0.7645713357679012,0.8030560800421215,0.40786757454076356,-0.2046294076264745,2.202394906909949,496,2
1.9814122926675466,0.971275804980538,-0.020308971164264843,-0.2046294076264745,-0.35148526419649573,2120,1
1.0881376233600961,-0.15018902794223832,0.19377930168824936,-0.2046294076264745,2.368255041643616,1942,1
1.1820890761839187,-0.4866284778190712,-0.9622973717153274,-0.2046294076264745,-0.5725337492736354,1969,1
-0.9915607839018148,1.9245209129648977,-0.776754201909815,-0.2046294076264745,0.13285486253694398,47,2
-0.09150928848903936,1.81237442967262,0.33650481692325884,-0.2046294076264745,-0.13830653318776923,1301,0
0.6907691835478619,-1.159507377572737,0.19377930168824936,-0.2046294076264745,-0.993230736079181,1814,1
1.861380327256564,-1.1034341359265982,2.3917522363073953,-0.2046294076264745,-1.2216794072447794,2101,1
-0.5436399594554144,1.81237442967262,-0.9480248201918264,-0.2046294076264745,-0.5165807472469588,833,0
-0.22656664107293914,0.8591293216882603,-0.5198482744867979,-0.2046294076264745,-0.10422821438027183,1177,0
-0.01908623778768827,1.5320082214419262,-1.2477484021853462,-0.2046294076264745,0.7279694114704045,1360,0
-0.7997902956789079,0.5226898718114275,1.9778482421258676,-0.2046294076264745,0.7289034155398217,434,2
-0.21373174314618737,1.251642013211232,-0.6483012381983065,-0.2046294076264745,0.21378734153003784,1192,0
-0.32832171183622705,0.6909095967498439,-0.5912110321043027,-0.2046294076264745,0.3944555462763599,1070,0
-0.4666647982893752,-0.9352144109881817,-1.5189268811318644,-0.2046294076264745,-0.9865464487142589,914,0
-0.9557599752847951,0.46661663016528865,0.6933186050107825,-0.2046294076264745,0.8144571619203342,127,2
0.5958593916788416,-0.5987749611113489,-1.1192954384738378,-0.2046294076264745,2.0104339771375144,1774,1
-0.026136875048783904,0.5787631134575663,1.8065776238438565,-0.2046294076264745,-0.0941004284956853,1353,0
-0.8543129420717493,-0.9912876526343205,-1.1621130930443406,-0.2046294076264745,0.05684386652500977,325,2
0.2113943025823019,0.5787631134575663,-1.276293505232348,-0.2046294076264745,-0.8590754208007838,1557,1
-0.9061317033013552,-1.439873585803431,1.9350305875553648,-0.2046294076264745,-1.202437383847639,228,2
-1.00576473760742,1.251642013211232,0.293687162352756,-0.2046294076264745,0.30071643456221947,18,2
-0.9098966066932023,0.35447014687301104,0.4221401260642645,-0.2046294076264745,-0.9511543659409878,225,2
-0.26510556124766577,-0.9352144109881817,-0.24866979554028,-0.2046294076264745,-1.0362026211081066,1140,0
0.6105082885125741,1.81237442967262,-0.2914874501107828,-0.2046294076264745,0.21679719530318717,1782,1
-0.5330640035637709,-1.2155806192188758,-1.0051150262858302,-0.2046294076264745,-1.1088650585744657,846,0
-0.6907792292876964,-0.9912876526343205,-0.4056678622987904,-0.2046294076264745,-0.8690954369850529,616,2
-0.8437027597856346,0.07410393864231694,1.1357677022393118,-0.2046294076264745,0.9952818893266407,349,2
-0.8450718155644881,0.971275804980538,0.9359519809102986,-0.2046294076264745,0.8103336879105719,344,2
-0.38534288502547615,-1.2716538608650145,0.564865641299274,-0.2046294076264745,-1.1487783368705748,1010,0
-0.014089184194872798,-0.26233551123451593,-1.0622052323798339,-0.2046294076264745,-0.724453103487678,1364,0
-0.04242863881714076,-0.9352144109881817,-0.3771227592517885,-0.2046294076264745,-1.2690441905342604,1339,0
-0.5756074118916441,-0.7669946860497653,0.8503166717692929,-0.2046294076264745,0.6333424827012687,785,0
1.5243530208972986,0.2983969052268722,0.7789539141517882,-0.2046294076264745,-0.2571226277876619,2039,1
0.0006966182167451927,-0.9352144109881817,-0.33430510468128566,-0.2046294076264745,-0.8809654996914366,1381,0
-0.22499222692725765,1.1955687715650931,-1.5331994326553653,-0.2046294076264745,0.15437801125746878,1181,0
-0.006285566255407829,0.13017718028845576,-1.047932680856333,-0.2046294076264745,0.20124500116929328,1373,0
0.017809815452414193,0.5787631134575663,2.2204816180253837,-0.2046294076264745,0.03228007268838787,1399,0
-0.74126316113292,0.7469828383959827,-0.9052071656213235,-0.2046294076264745,0.6865114341364134,545,2
1.6358283876904467,1.9245209129648977,0.550593089775773,-0.2046294076264745,-0.3117105469436519,2065,1
-0.29347924226440497,-1.3838003441572921,0.8788617748162948,-0.2046294076264745,-1.074096500495888,1105,0
-0.9598671426213559,-1.2155806192188758,1.4212187327093309,-0.2046294076264745,-1.07751177361785,114,2
-0.5936104953835678,-1.2155806192188758,0.7504088111047863,-0.2046294076264745,1.1756139552457825,760,0
-0.8874440919200045,1.0273490466266768,0.22232440473525125,-0.2046294076264745,0.9067028935015056,270,2
-0.09537687106430054,0.41054338851914984,-1.4618366750378604,-0.2046294076264745,-0.9805344390036974,1294,0
1.0533636065772165,-1.3277271025111534,-1.2334758506618453,-0.2046294076264745,-1.2114079284264365,1932,1
-0.9188639220446928,0.7469828383959827,-1.1192954384738378,-0.2046294076264745,1.7824112528826943,208,2
1.382895332547259,0.9152025633343992,-0.791026753433316,-0.2046294076264745,0.3925387851778582,2006,1
1.9327081333348326,0.6909095967498439,-0.6768463412453084,-0.2046294076264745,1.229098517946142,2112,1
0.3878313660820493,-1.2716538608650145,-1.0622052323798339,-0.2046294076264745,-1.2732266812846724,1665,1
-0.8922357871459917,-0.20626226958837712,-0.5769384805808018,-0.2046294076264745,-0.5805497622210506,261,2
-0.5478498059753889,-0.8230679276959041,-0.34857765620478665,-0.2046294076264745,1.4282646219683657,824,0
-0.4433908500488653,0.35447014687301104,-1.5331994326553653,-0.2046294076264745,1.4211980087618414,943,0
0.4563183814191966,-1.159507377572737,-0.3771227592517885,-0.2046294076264745,-1.1660137910856159,1709,1
-0.9712987583747826,-1.159507377572737,-1.4190190204673576,-0.2046294076264745,-1.0670760743037855,90,2
0.01767290987452877,-0.4866284778190712,0.7932264656752891,-0.2046294076264745,1.0959413553683035,1398,0
0.3735931859819726,1.1955687715650931,-0.505575722963297,-0.2046294076264745,-0.8070098258212693,1657,1
-0.14154827720613553,0.46661663016528865,0.7504088111047863,-0.2046294076264745,-0.2336006077207746,1257,0
-0.7416738778665761,-1.439873585803431,-0.3200325531577847,-0.2046294076264745,-1.0657648762832574,543,2
-0.690950361260053,-1.2716538608650145,-1.319111159802851,-0.2046294076264745,-1.24237888754145,615,2
0.280257808258634,-0.20626226958837712,-0.020308971164264843,-0.2046294076264745,1.91376455595284,1607,1
2.0725229547502484,-1.2716538608650145,-0.776754201909815,-0.2046294076264745,0.901581266791185,2133,1
1.8817450319670104,-0.9352144109881817,0.7932264656752891,-0.2046294076264745,-1.2037152245799734,2104,1
-0.008476055501573414,1.1955687715650931,-1.2620209537088471,-0.2046294076264745,2.0137774037925986,1370,0
-0.9555888433124385,1.307715254857371,1.335583423568325,-0.2046294076264745,0.32540339377063254,128,2
1.0458680261879936,-0.9352144109881817,-1.019387577809331,-0.2046294076264745,-1.281807202186131,1929,1
-0.8322369176377363,0.6909095967498439,0.3935950230172626,-0.2046294076264745,-0.8719641637696912,372,2
0.4008373959811576,-0.8791411693420429,2.206209066501883,-0.2046294076264745,0.12480036041084408,1671,1
2.0143380841489735,0.9152025633343992,-0.7196639958158112,-0.2046294076264745,0.716104480654512,2128,1
0.4872932684157574,0.24232366358073337,-0.4484855168692932,-0.2046294076264745,-0.9296414810014456,1731,1
-0.7573153401399775,-1.4959468274495697,1.4212187327093309,-0.2046294076264745,0.22132865460700768,512,2
1.020814305434974,-1.439873585803431,0.6076832958697769,-0.2046294076264745,-0.8826025727581622,1924,1
-0.9981322516403117,1.7563011880264814,-0.7053914442923103,-0.2046294076264745,-0.4676994903172978,36,2
-0.1653698477581868,-1.0473608942804593,1.10722259919231,-0.2046294076264745,-0.5343499180730954,1236,0
0.4239402122493108,-1.3838003441572921,-0.7482090988628132,-0.2046294076264745,-1.2171761733386612,1683,1
-0.36925647962394725,0.7469828383959827,-1.361928814373354,-0.2046294076264745,0.37383817622755,1027,0
-0.7682677863708056,1.7563011880264814,1.335583423568325,-0.2046294076264745,-0.7308987579447545,486,2
-0.3748696083172467,1.7002279463803425,1.1214951507158109,-0.2046294076264745,-0.02144312291981752,1019,0
-0.914311811580005,0.971275804980538,0.03678123492973895,-0.2046294076264745,1.851150360068452,218,2
-0.4361006280264703,0.971275804980538,0.19377930168824936,-0.2046294076264745,0.01528068543594669,951,0
-0.8249809220098127,0.5226898718114275,0.022508683406238,-0.2046294076264745,0.9924208603777394,393,2
-0.8368917072858384,-0.5987749611113489,-0.7053914442923103,-0.2046294076264745,0.7188654377388332,361,2
0.9911057950338529,-0.9912876526343205,0.3507773684467598,-0.2046294076264745,-1.1835674225111177,1914,1
-0.9459712264659925,0.971275804980538,-0.07739917725826863,-0.2046294076264745,0.5848692110656663,148,2
-0.7585817167354171,-0.5987749611113489,0.9930421870043024,-0.2046294076264745,2.476643134765181,509,2
-0.4865161070827513,1.307715254857371,-1.4903817780848623,-0.2046294076264745,0.06331518043454268,897,0
-0.5562010462263954,1.5320082214419262,-0.9908424747623292,-0.2046294076264745,0.1962183144330622,809,0
-0.8836449621336859,0.6348363551037051,-1.1621130930443406,-0.2046294076264745,0.19913579417736793,278,2
0.5271670179748662,-0.6548482027574877,-1.4903817780848623,-0.2046294076264745,-0.18780105103114106,1749,1
0.19626623622597045,-1.0473608942804593,-1.2334758506618453,-0.2046294076264745,-1.264489637723229,1552,1
0.44505789763812637,-0.0941157862960995,1.663852108608847,-0.2046294076264745,-0.6850812396384014,1700,1
-0.1464768780100082,-1.2155806192188758,-0.24866979554028,-0.2046294076264745,-1.1324897164511791,1251,0
-0.952097751076362,-0.9912876526343205,-0.07739917725826863,-0.2046294076264745,-0.09592738151058913,132,2
-0.36788742384509376,0.24232366358073337,2.0777561027903744,-0.2046294076264745,1.9964110863700293,1029,0
-0.3115507785452714,0.8030560800421215,0.12241654407074462,-0.2046294076264745,0.6448456152375243,1085,0
-0.6997123182447156,0.41054338851914984,-0.9622973717153274,-0.2046294076264745,-1.0517317217347895,602,2
0.8567671967338512,-0.9352144109881817,0.7361362595812854,-0.2046294076264745,-0.9634862987915889,1876,1
1.175346476473065,-1.2155806192188758,-1.347656262849853,-0.2046294076264745,-0.9009824385527639,1964,1
1.8440959980485385,0.9152025633343992,-0.8052993049568169,-0.2046294076264745,-0.8676867330451901,2096,1
-0.3703517242470301,0.46661663016528865,-0.8195718564803178,-0.2046294076264745,1.9155581516795503,1025,0
-0.7044355606817603,1.251642013211232,-0.5626659290573008,-0.2046294076264745,-0.8726851943837194,594,2
1.067396428310465,1.868447671318759,0.7075911565342834,-0.2046294076264745,-0.41784060824904345,1937,1
1.9223033094155455,1.868447671318759,-0.7339365473393122,-0.2046294076264745,-1.017822755313505,2111,1
-0.6764725963986772,0.2983969052268722,-0.8052993049568169,-0.2046294076264745,0.3283593626936229,642,2
-0.9202672042180178,-0.26233551123451593,-0.9765699232388283,-0.2046294076264745,-1.1374548205015147,207,2
-0.6385839777189061,1.4198617381496486,-0.5198482744867979,-0.2046294076264745,0.49366268730898377,691,2
-0.8400063091827301,-0.9352144109881817,-0.33430510468128566,-0.2046294076264745,-1.285135233169741,356,2
-0.7496828541728691,-0.7109214444036265,-0.9622973717153274,-0.2046294076264745,-0.9628935654398434,527,2
-0.8552028283280042,-1.1034341359265982,-1.1763856445678416,-0.2046294076264745,-0.8887197862237954,324,2
0.12428812865274674,0.41054338851914984,-1.0622052323798339,-0.2046294076264745,0.03179767498220536,1494,1
-0.913113887773508,-0.6548482027574877,2.5059326484954028,-0.2046294076264745,2.369704800707409,219,2
1.4127749749207368,1.251642013211232,-0.06312662573476768,-0.2046294076264745,0.13140510347315099,2012,1
-0.26500288206425177,-0.20626226958837712,-1.019387577809331,-0.2046294076264745,-0.4299031168488512,1141,0
-0.9254011633887185,-0.8791411693420429,-0.33430510468128566,-0.2046294076264745,1.425331746552586,194,2
-0.6713044108335051,0.24232366358073337,-0.3057600016342838,-0.2046294076264745,-0.7940415385497465,657,2
-0.4620784614302159,0.8030560800421215,0.3935950230172626,-0.2046294076264745,1.1258115239729325,920,0
-0.9827646005226809,0.5787631134575663,-1.276293505232348,-0.2046294076264745,-0.6775245308899577,62,2
-0.09219381637846609,-0.37448199452679354,-1.1763856445678416,-0.2046294076264745,0.36154986444612514,1300,0
-0.17139369318514225,-0.31840875288065473,0.46495778063476734,-0.2046294076264745,-1.1122598041344627,1230,0
0.21218150965514254,-1.1034341359265982,2.420297339354397,-0.2046294076264745,-1.2557500282165401,1559,1
-0.6425884658720525,-0.37448199452679354,-0.41994041382229136,-0.2046294076264745,1.996978160269318,685,2
-0.28043898597082517,-0.8230679276959041,0.25086950778225314,-0.2046294076264745,0.9195505813464826,1124,0
0.6609237675688551,1.1955687715650931,0.5220479867287712,-0.2046294076264745,0.33374528176424534,1800,1
-0.25114119230335985,1.0834222882728155,-0.7339365473393122,-0.2046294076264745,0.16783126218041966,1157,0
1.0648979015140574,0.5787631134575663,0.5363205382522721,-0.2046294076264745,-0.5445623801507884,1935,1
1.8567939903974047,-1.3838003441572921,-0.7339365473393122,-0.2046294076264745,-0.9947343799931327,2099,1
-0.3228112623263416,0.8591293216882603,-0.7624816503863141,-0.2046294076264745,2.174267015127117,1075,0
-0.7077212945510087,-1.0473608942804593,2.3489345817368923,-0.2046294076264745,0.5141928152194415,586,2
-0.8130359103393157,0.9152025633343992,0.03678123492973895,-0.2046294076264745,0.5446043982709029,414,2
0.329475363508418,1.5320082214419262,-1.033660129332832,-0.2046294076264745,0.5658427270691605,1643,1
-0.9524057886266041,-0.0941157862960995,-1.0622052323798339,-0.2046294076264745,1.2147600159134417,131,2
0.8890426867203227,1.9805941546110366,-1.0051150262858302,-0.2046294076264745,-0.550315229391539,1884,1
-0.8234407342586025,-0.7669946860497653,-0.2914874501107828,-0.2046294076264745,1.080332710439005,398,2
0.3340959267620485,-1.4959468274495697,0.6790460534872815,-0.2046294076264745,-0.859426955299438,1645,1
-0.02945683531250359,1.7002279463803425,-0.04885407421126674,-0.2046294076264745,0.14627219022645566,1351,0
-0.8609528625991889,-0.6548482027574877,1.6210344540383441,-0.2046294076264745,0.028813480661512635,310,2
0.12952476700686136,1.0273490466266768,-1.033660129332832,-0.2046294076264745,0.3417741244378889,1498,1
0.3094529227426852,-1.159507377572737,-0.7339365473393122,-0.2046294076264745,-1.237742224482558,1623,1
0.7639452149275825,0.35447014687301104,-0.7624816503863141,-0.2046294076264745,1.0487792817532287,1847,1
1.6762497595610968,-1.1034341359265982,-1.1478405415208397,-0.2046294076264745,-1.2348786295884109,2072,1
-0.910273097032387,0.18625042193459457,0.022508683406238,-0.2046294076264745,-1.1211995573703126,224,2
-0.9424459078354447,-1.3277271025111534,-0.41994041382229136,-0.2046294076264745,-1.0040769866325499,157,2
-0.32356424300471104,0.6348363551037051,0.8788617748162948,-0.2046294076264745,-0.911179504958983,1074,0
0.06257793942092424,0.24232366358073337,0.7504088111047863,-0.2046294076264745,0.668755093036505,1437,1
-1.0178808812502738,-1.3838003441572921,0.7646813626282872,-0.2046294076264745,-0.8415705423349492,0,2
-0.29738105123413744,1.4759349797957872,0.5934107443462758,-0.2046294076264745,0.07267061680018805,1099,0
0.3730455636704311,0.6909095967498439,-0.17730703792277525,-0.2046294076264745,2.0225452386969898,1656,1
0.42866345468635536,-0.26233551123451593,-0.12021683182877146,-0.2046294076264745,0.6422540105394164,1688,1
-0.9481959421066295,-0.54270171946521,1.5068540418503364,-0.2046294076264745,1.8955566084896969,143,2
-0.42189667432086514,-1.439873585803431,-1.1906581960913425,-0.2046294076264745,-1.0228776674474385,971,0
-0.9918688214520567,1.7563011880264814,-0.4056678622987904,-0.2046294076264745,-0.38269998810984623,46,2
-0.8310389938312396,0.7469828383959827,-1.1335679899973388,-0.2046294076264745,-0.6122314881691097,377,2
-0.962126084656464,-1.0473608942804593,0.564865641299274,-0.2046294076264745,0.25052654555727605,108,2
-0.7062153331942699,0.7469828383959827,-0.6054835836278036,-0.2046294076264745,-0.6402900994303088,589,2
-0.8489393981397493,0.5787631134575663,-0.12021683182877146,-0.2046294076264745,-0.3263928856392697,333,2
0.6486022655591736,-0.9352144109881817,-0.505575722963297,-0.2046294076264745,-1.2296594969587558,1795,1
0.3694517922509408,-0.4305552361729324,-1.0764777839033348,-0.2046294076264745,1.190930082417076,1653,1
0.7368721369007543,0.6909095967498439,0.33650481692325884,-0.2046294076264745,1.147255128390842,1838,1
0.16525712283493824,-0.7669946860497653,0.6219558473932778,-0.2046294076264745,0.6443401240241311,1524,1
0.2016055537634992,0.13017718028845576,-0.9622973717153274,-0.2046294076264745,-0.6742555166469977,1554,1
-0.983483354806579,-0.4866284778190712,2.2918443756428886,-0.2046294076264745,-0.7635067901264937,61,2
-0.2942322229427744,-0.8230679276959041,-0.12021683182877146,-0.2046294076264745,0.33342197266329343,1103,0
-0.26069035636086313,-1.2155806192188758,1.092950047668809,-0.2046294076264745,-1.1306037466956254,1148,0
-0.06648979413049128,0.18625042193459457,-0.5198482744867979,-0.2046294076264745,0.8177928907396812,1319,0
-0.6187326689255299,0.018030696996178132,2.0492109997433725,-0.2046294076264745,0.6681469640132857,723,0
0.10649040352765084,-0.31840875288065473,1.8208501753673574,-0.2046294076264745,0.475621526286808,1473,1
-0.7534135311702449,0.5226898718114275,-0.9194797171448245,-0.2046294076264745,0.011588290227454336,518,2
0.42469319292768026,1.251642013211232,-0.23439724401677905,-0.2046294076264745,1.7750444240824286,1685,1
0.054877000664873186,1.5880814630880649,0.46495778063476734,-0.2046294076264745,0.5081192228229844,1431,1
0.39039834566739967,-0.8791411693420429,0.4792303321582683,-0.2046294076264745,0.8792010923586128,1668,1
0.7224285984338495,0.8030560800421215,-0.4342129653457923,-0.2046294076264745,0.648448202362419,1833,1
-0.49483312093928633,-1.159507377572737,1.1643128052863136,-0.2046294076264745,-0.9805062136059952,889,0
-0.9400158338279797,1.0273490466266768,0.6647735019637806,-0.2046294076264745,0.21690239905825884,165,2
-0.7816503066090987,-1.1034341359265982,0.13668909559424558,-0.2046294076264745,-1.1302214208540233,466,2
-0.8433604958409212,-0.9352144109881817,-0.7624816503863141,-0.2046294076264745,-0.8644767355428802,352,2
0.37646820311756496,-1.1034341359265982,2.0492109997433725,-0.2046294076264745,-1.2418297752588807,1658,1
0.5530763985896691,-1.1034341359265982,-0.8623895110508207,-0.2046294076264745,-1.2785279241621883,1759,1
0.013360384171140213,0.24232366358073337,-0.020308971164264843,-0.2046294076264745,1.3538342482277528,1393,0
-0.9582927284756741,1.0273490466266768,-0.4056678622987904,-0.2046294076264745,-1.0431229754356286,118,2
-1.0006650048311905,-0.7109214444036265,0.1795067501647484,-0.2046294076264745,1.9971372488745485,29,2
0.3549740273895648,-0.0941157862960995,1.877940381461361,-0.2046294076264745,0.7941861944796874,1652,1
-0.5211189918932739,-0.37448199452679354,-1.361928814373354,-0.2046294076264745,0.0336271939423549,858,0
0.8853804625118898,-0.4305552361729324,-1.047932680856333,-0.2046294076264745,1.7504113497241742,1882,1
-0.9013400080753677,-1.159507377572737,1.877940381461361,-0.2046294076264745,-0.9310989379009756,241,2
1.6529073585316443,-1.2155806192188758,0.3650499199702607,-0.2046294076264745,0.3592071564368453,2070,1
-0.051361727774160024,-0.54270171946521,0.5934107443462758,-0.2046294076264745,2.2292192985079895,1331,0
0.02605837652000654,1.307715254857371,0.3935950230172626,-0.2046294076264745,2.0130384115618507,1409,0
-0.3828101318345971,-0.7109214444036265,-0.04885407421126674,-0.2046294076264745,1.1483302594487697,1013,0
-0.7928423376012264,0.24232366358073337,0.8503166717692929,-0.2046294076264745,-0.4201602227511125,447,2
0.5144005728370571,-0.8791411693420429,-0.6340286866748056,-0.2046294076264745,0.6237715069349885,1745,1
-0.06282756992205814,-1.439873585803431,-1.019387577809331,-0.2046294076264745,-1.0058064337281192,1322,0
1.0729753306092933,-0.9912876526343205,0.022508683406238,-0.2046294076264745,-1.0829849348268248,1938,1
-0.0768603916553068,0.5226898718114275,-0.5483933775337999,-0.2046294076264745,-0.9964381676362454,1306,0
0.4454001615828398,-1.4959468274495697,0.9930421870043024,-0.2046294076264745,-0.9324050040310122,1701,1
0.586892076327351,0.5226898718114275,0.27941461082925506,-0.2046294076264745,-0.9874163041525348,1770,1
-0.6668892059467024,1.7563011880264814,-1.033660129332832,-0.2046294076264745,-0.4835698616616523,660,2
-0.9413848896068332,-1.439873585803431,0.3650499199702607,-0.2046294076264745,-1.0268317890709873,161,2
-0.7850729460562326,0.6348363551037051,2.477387545448401,-0.2046294076264745,-0.4876009616425708,462,2
-0.9035989501104762,1.0273490466266768,0.3793224714937617,-0.2046294076264745,1.9517841666576583,234,2
0.22255210717995808,1.0273490466266768,0.25086950778225314,-0.2046294076264745,-0.7884298162975067,1567,1
-0.7681308807929202,-1.3838003441572921,0.7504088111047863,-0.2046294076264745,-0.9759798861926661,487,2
1.2213125242480722,-1.1034341359265982,-0.2201246924932781,-0.2046294076264745,-1.2698421995056581,1980,1
-0.9552465793677251,0.24232366358073337,0.5934107443462758,-0.2046294076264745,-0.22659044530965478,129,2
0.31280710940087636,-0.9912876526343205,-1.1192954384738378,-0.2046294076264745,-1.1168117910002484,1629,1
-0.7897619620988059,-0.31840875288065473,-0.49130317143979607,-0.2046294076264745,-1.0885607338456254,453,2
0.12945631421791876,0.018030696996178132,0.5077754352052702,-0.2046294076264745,-0.5363539213099493,1497,1
-0.8882312989928454,-1.439873585803431,0.7789539141517882,-0.2046294076264745,-1.0248970663557662,268,2
0.2134478862505821,1.307715254857371,-0.7339365473393122,-0.2046294076264745,0.3302761237921247,1560,1
0.9242958730258011,1.0273490466266768,-0.5626659290573008,-0.2046294076264745,2.250539737554108,1890,1
-0.2719850665364047,-1.439873585803431,0.9359519809102986,-0.2046294076264745,-1.1527786455085456,1133,0
-0.3000507100029018,-1.439873585803431,-1.1335679899973388,-0.2046294076264745,-0.8147974696418214,1097,0
-0.981053280799114,-1.439873585803431,2.2918443756428886,-0.2046294076264745,-1.0645203928391165,67,2
-0.7332199584321555,0.6348363551037051,-0.14876193487577336,-0.2046294076264745,-0.832207408133567,558,2
0.16193716257121854,-0.5987749611113489,-0.1915795894462762,-0.2046294076264745,0.11918863815860405,1518,1
-0.4290842171598461,-0.4866284778190712,2.3346620302133916,-0.2046294076264745,0.9204974151421276,961,0
-0.34950785001398527,0.8591293216882603,1.9350305875553648,-0.2046294076264745,-0.594985770173086,1045,0
-0.6722969762731739,0.018030696996178132,-0.4627580683927942,-0.2046294076264745,0.27103357996052285,652,2
-0.4011212528767629,-1.1034341359265982,-1.2192032991383444,-0.2046294076264745,-1.098657728387264,995,0
1.3515781816059844,0.46661663016528865,-0.14876193487577336,-0.2046294076264745,-0.6830233515513888,2002,1
-0.5145817505492484,-0.5987749611113489,-0.39139531077528944,-0.2046294076264745,2.1841536021586125,864,0
-0.6509054797285876,-1.3838003441572921,-0.23439724401677905,-0.2046294076264745,-0.9581363029544054,681,2
-0.7397914261706524,-1.1034341359265982,-0.3200325531577847,-0.2046294076264745,-1.090000229128436,550,2
0.23213549763193275,1.7563011880264814,1.378401078138828,-0.2046294076264745,0.521903480682624,1575,1
0.6620874649808807,-0.54270171946521,0.07959888950024178,-0.2046294076264745,0.6980427920703713,1802,1
0.5310003741556562,1.9805941546110366,0.4506852291112664,-0.2046294076264745,-0.06999080696754381,1751,1
1.1889685814726576,1.4198617381496486,-0.5912110321043027,-0.2046294076264745,0.5768326705562858,1974,1
-0.43938636189571884,0.018030696996178132,-0.07739917725826863,-0.2046294076264745,0.003849399366569222,947,0
-0.7161409875909578,0.971275804980538,-0.4056678622987904,-0.2046294076264745,1.8649320519828465,583,2
-0.48644765429380854,-0.8791411693420429,-0.7624816503863141,-0.2046294076264745,-0.2836365400109788,898,0
-0.8844663956009982,1.81237442967262,-0.1915795894462762,-0.2046294076264745,0.34613879730074215,275,2
-0.7491694582557991,0.18625042193459457,-0.9908424747623292,-0.2046294076264745,0.3482326086211937,528,2
-0.9280708221574827,0.18625042193459457,0.8503166717692929,-0.2046294076264745,-0.06635742849970133,188,2
-0.7325696569372001,0.18625042193459457,0.3793224714937617,-0.2046294076264745,1.934410151399352,560,2
-0.5300863072447645,1.307715254857371,0.4364126775877655,-0.2046294076264745,1.691584489022368,850,0
-0.827137184861507,-0.54270171946521,-0.34857765620478665,-0.2046294076264745,-1.0727776046396231,384,2
1.6319950315096567,0.9152025633343992,-1.2620209537088471,-0.2046294076264745,1.6679008144050047,2063,1
-0.6581272489620399,-1.1034341359265982,0.5791381928227749,-0.2046294076264745,-1.0378961449702366,669,2
-0.6120585220036191,-0.9352144109881817,2.5059326484954028,-0.2046294076264745,-0.8973464941396758,734,0
-0.8605763722600042,-1.2155806192188758,1.392673629662329,-0.2046294076264745,-1.1911523566572637,312,2
1.2391787021621108,-1.3277271025111534,0.40786757454076356,-0.2046294076264745,-1.2846605332992955,1983,1
0.27488426432663393,1.5320082214419262,0.5791381928227749,-0.2046294076264745,-0.681601817885298,1603,1
-0.6282476065885619,1.3637884965035096,0.40786757454076356,-0.2046294076264745,0.1972395606408314,707,0
-0.9800949417539164,0.5787631134575663,-1.1192954384738378,-0.2046294076264745,-0.8145460070077477,71,2
-0.6919087003052505,0.6909095967498439,-1.4618366750378604,-0.2046294076264745,-0.26540806498587055,612,2
-0.5706445846933,-0.9352144109881817,0.4221401260642645,-0.2046294076264745,-1.0913781417253507,790,0
-0.08449287762241503,1.307715254857371,0.7789539141517882,-0.2046294076264745,0.6922591514866728,1303,0
-0.7677201640592642,-1.159507377572737,-1.033660129332832,-0.2046294076264745,-1.0088265512822507,489,2
-0.9162969424593425,0.7469828383959827,1.7637599692733534,-0.2046294076264745,1.488787572477548,215,2
-0.8458590226373288,-1.3838003441572921,0.293687162352756,-0.2046294076264745,-1.024389009197127,343,2
1.789367993288869,0.46661663016528865,1.7637599692733534,-0.2046294076264745,0.13045826967750546,2091,1
-0.49486734733375776,0.6348363551037051,-0.04885407421126674,-0.2046294076264745,0.9647933279178097,888,0
-0.8375762351752651,-0.20626226958837712,0.3793224714937617,-0.2046294076264745,0.48175156947866954,359,2
0.2969260623661756,0.8591293216882603,-0.776754201909815,-0.2046294076264745,0.6974551906091171,1617,1
-0.21301298886228934,0.35447014687301104,0.7932264656752891,-0.2046294076264745,0.27193679268699206,1195,0
-0.6278026634604345,0.6348363551037051,-0.791026753433316,-0.2046294076264745,1.1316541812972807,709,0
-0.9755770576836998,-0.6548482027574877,-0.8338444080038188,-0.2046294076264745,0.3353772229404799,82,2
0.25965351878688836,-0.54270171946521,1.649579557085346,-0.2046294076264745,0.33792777251465733,1590,1
0.131407218702785,-0.9352144109881817,0.6362283989167787,-0.2046294076264745,-0.8925353468040792,1502,1
0.2370983248302767,1.1955687715650931,-1.2334758506618453,-0.2046294076264745,0.4065360164928871,1578,1
-0.6345110367768168,0.7469828383959827,-0.24866979554028,-0.2046294076264745,0.5789931964531244,700,2
0.675298853246817,-0.26233551123451593,0.1795067501647484,-0.2046294076264745,0.4593662631556059,1810,1
0.9033150932148709,1.1394955299189544,-1.3762013658968548,-0.2046294076264745,1.7026129216881785,1888,1
0.4904078703126492,-0.15018902794223832,0.40786757454076356,-0.2046294076264745,0.5618886054456114,1733,1
-0.7726829912576082,-0.8791411693420429,-0.9765699232388283,-0.2046294076264745,1.412786840246596,478,2
-0.14031612700516732,0.5226898718114275,0.25086950778225314,-0.2046294076264745,-0.8516213498621662,1259,0
-0.44873016758639406,0.8030560800421215,-0.2914874501107828,-0.2046294076264745,2.016004644265824,935,0
-0.07323239384134496,0.6348363551037051,0.33650481692325884,-0.2046294076264745,-1.2810605121196463,1314,0
-0.897403972711164,1.251642013211232,0.6362283989167787,-0.2046294076264745,0.14853535393312042,246,2
-0.8882312989928454,0.2983969052268722,0.6505009504402797,-0.2046294076264745,1.2230403212211591,268,2
0.713974678999429,1.0834222882728155,-0.47703061991629514,-0.2046294076264745,0.29590785317186835,1827,1
1.501387110207031,-0.7669946860497653,-1.3048386082793502,-0.2046294076264745,2.349254217099567,2029,1
0.3141077123907872,0.41054338851914984,0.4506852291112664,-0.2046294076264745,0.3429108381817126,1630,1
-0.9312196504488459,0.8591293216882603,0.6647735019637806,-0.2046294076264745,0.41772866965441896,181,2
0.5080686898598596,-1.1034341359265982,1.7637599692733534,-0.2046294076264745,-1.0533200418418476,1741,1
-0.5131100155869809,-1.2155806192188758,-1.4903817780848623,-0.2046294076264745,-0.8728468489341954,868,0
-0.8605421458655329,1.81237442967262,2.3203894786898904,-0.2046294076264745,-0.0014595413466836247,313,2
-0.11050493742063199,-0.6548482027574877,-0.6054835836278036,-0.2046294076264745,0.029896309555177632,1284,0
0.1537228278980973,-1.3838003441572921,-0.4056678622987904,-0.2046294076264745,-1.2250536252428113,1513,1
0.4093597682045208,-0.7109214444036265,-1.0622052323798339,-0.2046294076264745,1.3674029666867578,1676,1
-0.9036674028994187,1.0273490466266768,-0.6197561351513046,-0.2046294076264745,-0.2024628621647938,233,2
-0.7977367120106277,0.5787631134575663,0.7646813626282872,-0.2046294076264745,0.3024869367817189,439,2
-0.9392628531496102,-1.3277271025111534,0.03678123492973895,-0.2046294076264745,-1.2430537311410566,167,2
-0.04164143174429993,0.46661663016528865,-0.14876193487577336,-0.2046294076264745,0.32161605858805087,1340,0
-0.7727856704410222,-1.2716538608650145,1.9778482421258676,-0.2046294076264745,-0.8401772340665605,477,2
0.038140293768388955,0.46661663016528865,-1.1192954384738378,-0.2046294076264745,-0.29428777872567824,1422,1
-0.03157887176972656,1.1955687715650931,-0.6768463412453084,-0.2046294076264745,-0.13762399175242598,1348,0
-0.5140683546321783,1.1394955299189544,1.2214030113803176,-0.2046294076264745,0.6016094378482966,866,0
-0.2858125299028252,-0.7109214444036265,1.392673629662329,-0.2046294076264745,0.32942936186105964,1117,0
-0.43568991129281426,-0.8230679276959041,-0.020308971164264843,-0.2046294076264745,0.23639845103471882,953,0
1.5021058644909289,0.5787631134575663,0.008236131882737053,-0.2046294076264745,1.2092842887592214,2030,1
-0.28831105669923296,0.018030696996178132,-1.4618366750378604,-0.2046294076264745,-0.3533455744995931,1114,0
-0.6967346219257092,-0.9912876526343205,1.1928579083333157,-0.2046294076264745,-1.1461020559793602,607,2
-0.7065233707445118,1.5320082214419262,-0.47703061991629514,-0.2046294076264745,0.32630660649710175,588,2
-0.11546776461897597,0.6909095967498439,1.6210344540383441,-0.2046294076264745,-0.2442082253662979,1282,0
-0.753516210353659,0.35447014687301104,1.1643128052863136,-0.2046294076264745,1.5309280912468823,517,2
-1.0062781335244901,1.3637884965035096,0.3793224714937617,-0.2046294076264745,1.2582553537724803,17,2
-0.8685853485662973,-1.0473608942804593,1.877940381461361,-0.2046294076264745,-0.8902157323020103,303,2
-0.24939564618532162,-1.4959468274495697,0.13668909559424558,-0.2046294076264745,-1.1765008093045937,1159,0
-0.7986950510558251,0.5787631134575663,-0.7482090988628132,-0.2046294076264745,0.62015352413862,437,2
-0.6361539037114409,0.971275804980538,-1.0051150262858302,-0.2046294076264745,1.4816157555159517,697,2
1.0817030611994847,0.9152025633343992,-1.1763856445678416,-0.2046294076264745,0.5628841922009241,1940,1
-0.4353818737425723,0.8591293216882603,1.1357677022393118,-0.2046294076264745,-0.7259131263324536,954,0
0.15954131495822474,-1.2716538608650145,0.051053786453239894,-0.2046294076264745,-0.8198395520495267,1516,1
1.9682351307960813,-1.2716538608650145,2.406024787830896,-0.2046294076264745,-1.1830106123928115,2118,1
-0.01610854146868185,-0.4305552361729324,-0.9052071656213235,-0.2046294076264745,-0.999827781305751,1363,0
-0.9214309016300432,-1.4959468274495697,1.7637599692733534,-0.2046294076264745,-1.0372572246040694,202,2
-0.30337067026662157,-1.3277271025111534,-0.6483012381983065,-0.2046294076264745,-1.2638661130285358,1094,0
-0.9501468465914957,1.5320082214419262,0.7361362595812854,-0.2046294076264745,0.5214595721551264,135,2
-0.4197404114691708,-0.9352144109881817,-0.6911188927688093,-0.2046294076264745,-0.9287587958369414,972,0
-0.7124445369880533,-0.20626226958837712,0.20805185321175032,-0.2046294076264745,0.9097589342890765,585,2
-0.7793229117850479,-0.9352144109881817,-1.2620209537088471,-0.2046294076264745,-1.269967930822695,470,2
0.2708113233845445,-1.3277271025111534,-0.4484855168692932,-0.2046294076264745,-1.0961174425940692,1597,1
-0.5103719040292739,1.4759349797957872,-0.17730703792277525,-0.2046294076264745,0.1446197214882562,872,0
0.3118487703556788,-1.0473608942804593,-1.276293505232348,-0.2046294076264745,-0.8865207711482722,1627,1
-0.6752062198032376,1.0273490466266768,-1.0051150262858302,-0.2046294076264745,1.2979171694345153,644,2
-0.5490819561763571,1.0834222882728155,-0.8052993049568169,-0.2046294076264745,2.241238186038621,819,0
1.9599523433340174,0.35447014687301104,1.5639442479443402,-0.2046294076264745,-0.3655081549639812,2116,1
0.5520153803610576,0.41054338851914984,0.8645892232927939,-0.2046294076264745,0.12996817413558606,1758,1
0.10163025551272098,-1.3838003441572921,0.7932264656752891,-0.2046294076264745,-1.224304369231081,1467,1
1.5726806898908279,0.46661663016528865,-1.1621130930443406,-0.2046294076264745,-0.1053520983978672,2049,1
-0.8571195064183991,1.5880814630880649,0.5791381928227749,-0.2046294076264745,0.39679055644990285,319,2
-0.19935665746822545,-0.15018902794223832,1.8351227268908583,-0.2046294076264745,0.7049195253287172,1206,0
-0.4336021012300627,-1.0473608942804593,2.4631149939248997,-0.2046294076264745,-0.9874188700977804,957,0
1.2372620240717156,-1.2716538608650145,1.2071304598568167,-0.2046294076264745,-0.9934950284394831,1982,1
-0.9108549457383999,-1.1034341359265982,2.3346620302133916,-0.2046294076264745,-1.0875779768165408,223,2
-0.6365988468395684,0.18625042193459457,0.293687162352756,-0.2046294076264745,0.1547988262777557,696,2
-0.1630766793286072,0.971275804980538,-0.4484855168692932,-0.2046294076264745,-0.9165448964676404,1238,0
0.8778848821226666,0.24232366358073337,-0.16303448639927431,-0.2046294076264745,2.4899372970829012,1878,1
1.030226563914592,-0.7109214444036265,1.4640363872798337,-0.2046294076264745,-0.6482419637465827,1925,1
-0.9216362599968713,0.5787631134575663,-0.3057600016342838,-0.2046294076264745,-1.2675097552773609,201,2
-0.9612704247946806,0.24232366358073337,-0.3628502077282876,-0.2046294076264745,1.7278130699457215,111,2
2.0506180622885917,-0.6548482027574877,0.6933186050107825,-0.2046294076264745,1.5481122265570102,2132,1
-0.4745710954122543,0.24232366358073337,-1.1621130930443406,-0.2046294076264745,-1.2171941349553808,911,0
-0.8260419402384241,1.7002279463803425,1.078677496145308,-0.2046294076264745,0.3291188824863358,390,2
-0.3205865466857046,0.41054338851914984,1.364128526615327,-0.2046294076264745,-0.07008318099638718,1077,0
-0.844250382097176,-0.8791411693420429,-0.6197561351513046,-0.2046294076264745,-0.9696291717096786,347,2
-0.6721258443008172,-0.7109214444036265,-0.6340286866748056,-0.2046294076264745,-0.6001972049670041,653,2
0.007747255477840828,-0.9912876526343205,0.03678123492973895,-0.2046294076264745,-0.9610589145892026,1386,0
-0.7533793047757735,1.251642013211232,-0.6625737897218075,-0.2046294076264745,-0.14806995484747323,519,2
-0.9559653336516232,-1.3277271025111534,-0.5912110321043027,-0.2046294076264745,-0.9802034320670083,126,2
1.4884153067023937,-1.0473608942804593,-0.04885407421126674,-0.2046294076264745,-1.1987834778178312,2027,1
-0.7959227131036467,-0.5987749611113489,0.4364126775877655,-0.2046294076264745,0.8651602399744075,444,2
-0.7892143397872645,-1.159507377572737,-0.9052071656213235,-0.2046294076264745,-1.0555832055485124,454,2
-0.5482262963145736,0.5787631134575663,-1.033660129332832,-0.2046294076264745,2.350401194624373,821,0
0.3446718826536921,-1.2716538608650145,-0.9052071656213235,-0.2046294076264745,-0.8338650087622579,1648,1
0.5880215473449051,-1.3838003441572921,0.4221401260642645,-0.2046294076264745,0.9050401609823231,1771,1
-0.8901479770832403,0.6909095967498439,0.8931343263397957,-0.2046294076264745,-1.245509340741145,264,2
-0.47032702249780833,-0.7669946860497653,-1.4903817780848623,-0.2046294076264745,0.10611001524151853,913,0
0.06069548772500061,-1.2155806192188758,-0.3771227592517885,-0.2046294076264745,-1.073549954158564,1436,1
-0.4509206568325597,-1.0473608942804593,-0.505575722963297,-0.2046294076264745,-1.1614284469316367,932,0
-0.29536169396032846,0.13017718028845576,1.0644049446218071,-0.2046294076264745,-0.09060304512586227,1102,0
-0.19237447299607252,-1.0473608942804593,0.550593089775773,-0.2046294076264745,-0.903058288256496,1213,0
-0.9392286267551389,1.307715254857371,0.13668909559424558,-0.2046294076264745,2.223225250414148,168,2
-0.7761740834936848,1.6441547047342038,0.80749901719879,-0.2046294076264745,-0.8515828606834813,474,2
0.05771779140599419,1.9805941546110366,1.5639442479443402,-0.2046294076264745,0.5023817692537075,1433,1
-0.3965006896231323,1.868447671318759,0.03678123492973895,-0.2046294076264745,0.6189808871613571,997,0
1.9063538095919021,0.6348363551037051,-0.020308971164264843,-0.2046294076264745,-0.5450550416379535,2106,1
-0.1248115703096513,1.0834222882728155,-0.9622973717153274,-0.2046294076264745,0.6433240097068531,1273,0
-0.2634626943130415,1.4759349797957872,1.392673629662329,-0.2046294076264745,0.1118141115226017,1144,0
-0.9781782636635216,-0.7669946860497653,0.13668909559424558,-0.2046294076264745,0.42830036406650307,75,2
-0.5989840393155679,-0.9352144109881817,-1.1192954384738378,-0.2046294076264745,-0.8069713366425844,753,0
0.33371943642286395,0.6348363551037051,-1.4618366750378604,-0.2046294076264745,0.05832185098650486,1644,1
1.393129024494189,0.35447014687301104,0.4364126775877655,-0.2046294076264745,-0.47357037303934835,2009,1
0.2472293375937927,1.3637884965035096,-0.7196639958158112,-0.2046294076264745,0.4690629702389229,1582,1
-0.9813955447438273,1.251642013211232,2.1205737573608774,-0.2046294076264745,0.629621862095074,65,2
-0.3371863480043036,-0.7669946860497653,-1.1906581960913425,-0.2046294076264745,0.4844021909174275,1057,0
-0.6442313328066767,1.4198617381496486,0.293687162352756,-0.2046294076264745,-0.803086495540668,684,2
0.022225020339216667,-1.3838003441572921,-1.1335679899973388,-0.2046294076264745,-1.1358228793252805,1401,0
1.1051139150178795,-0.9352144109881817,-0.3057600016342838,-0.2046294076264745,-1.2573332164331072,1945,1
1.5748711791369936,-1.2716538608650145,-0.03458152268776579,-0.2046294076264745,-0.941809193356325,2051,1
-0.5984364170040265,0.41054338851914984,-1.5331994326553653,-0.2046294076264745,0.856359047781823,754,0
-0.6893417207199002,0.9152025633343992,0.7361362595812854,-0.2046294076264745,0.7398292103958058,617,2
-0.5308735143176052,1.251642013211232,-0.3200325531577847,-0.2046294076264745,-0.9880834499164041,848,0
-0.8957611057765397,-1.2155806192188758,0.3079597138762569,-0.2046294076264745,-0.8765674695403901,250,2
-0.9336839508507822,0.7469828383959827,2.4631149939248997,-0.2046294076264745,-0.647077024605057,176,2
-0.6659650932959764,0.8591293216882603,-0.14876193487577336,-0.2046294076264745,1.7676083147605306,661,2
-0.6208204789882816,0.6909095967498439,-0.3628502077282876,-0.2046294076264745,0.9271996641237695,718,0
-0.844558419647418,-0.9352144109881817,0.4364126775877655,-0.2046294076264745,-0.9842294001574357,346,2
-0.3108320242613733,-1.3838003441572921,0.49350288368176926,-0.2046294076264745,-1.1954169576555365,1086,0
-0.8907640521837245,-1.3838003441572921,-0.505575722963297,-0.2046294076264745,-0.9221822781723367,262,2
-0.4909655383640252,0.07410393864231694,-0.6340286866748056,-0.2046294076264745,0.7524203037162178,893,0
-0.3363991409314628,-1.159507377572737,-0.5769384805808018,-0.2046294076264745,-0.9704759336407435,1059,0
-0.9563760503852792,0.6348363551037051,-1.3048386082793502,-0.2046294076264745,0.8490101805982773,123,2
0.34583558006571746,0.13017718028845576,2.234754169548885,-0.2046294076264745,0.737530123455702,1649,1
0.27567147139947457,-0.26233551123451593,0.6790460534872815,-0.2046294076264745,0.5797424524648547,1604,1
-0.5918307228710582,0.24232366358073337,-1.2334758506618453,-0.2046294076264745,-0.5453834826293968,764,0
-0.9602436329605404,0.46661663016528865,-0.26294234706378095,-0.2046294076264745,-0.8965151278800848,113,2
-0.03630211420677119,-1.2716538608650145,1.3213108720448241,-0.2046294076264745,-1.0029736301769197,1343,0
1.975080409690349,-0.9352144109881817,0.7646813626282872,-0.2046294076264745,-0.12389875063343617,2119,1
-0.8814544728875203,-0.4866284778190712,2.134846308884378,-0.2046294076264745,2.3583453611049094,282,2
-0.5909408366148035,0.24232366358073337,0.8217715687222911,-0.2046294076264745,-0.4869338158787013,768,0
0.17381372145277274,-1.159507377572737,0.3935950230172626,-0.2046294076264745,-1.0495994212356532,1533,1
-0.5793038624945486,1.3637884965035096,-1.2620209537088471,-0.2046294076264745,-0.6422042945835649,783,0
0.07965691026212193,0.5787631134575663,0.836044120245792,-0.2046294076264745,1.1131639798571162,1454,1
-1.0139448458860696,0.46661663016528865,2.2632992725958867,-0.2046294076264745,-0.9928330145661051,7,2
-0.8458590226373288,0.5226898718114275,2.477387545448401,-0.2046294076264745,1.9762401907939626,343,2
0.2953516482204939,-0.7669946860497653,0.33650481692325884,-0.2046294076264745,1.2368168812450617,1614,1
-0.9744818130606171,-1.2155806192188758,0.550593089775773,-0.2046294076264745,-1.0756976503291746,84,2
0.10984459018584201,0.6348363551037051,1.3070383205213232,-0.2046294076264745,0.2299066095632207,1477,1
-0.8791613044579407,-1.4959468274495697,-0.5626659290573008,-0.2046294076264745,-0.858079834045471,286,2
-0.6790738023784988,1.0273490466266768,-0.3771227592517885,-0.2046294076264745,-0.6525450539235403,637,2
-0.5033212667681782,1.3637884965035096,-0.8623895110508207,-0.2046294076264745,-0.480678041369803,880,0
-0.9178029038160813,1.5880814630880649,0.13668909559424558,-0.2046294076264745,-0.9966434432558976,212,2
-0.8327845399492777,1.1394955299189544,-1.047932680856333,-0.2046294076264745,0.7457796374204717,370,2
-0.9563075975963365,0.46661663016528865,-1.4475641235143595,-0.2046294076264745,2.364480536187263,124,2
1.1507376988481732,-0.9912876526343205,0.7932264656752891,-0.2046294076264745,-1.2273629759638975,1954,1
-0.7410235763716205,-1.439873585803431,-0.07739917725826863,-0.2046294076264745,-0.9027452429365266,547,2
-0.731440185919646,1.7002279463803425,0.7218637080577844,-0.2046294076264745,0.5901011734215498,562,2
0.38588046159718287,0.9152025633343992,-0.5912110321043027,-0.2046294076264745,-0.6541949567164943,1664,1
-0.4277493877754639,-0.6548482027574877,-1.4618366750378604,-0.2046294076264745,1.4398832220406759,963,0
-0.5400119616414526,-0.5987749611113489,0.6076832958697769,-0.2046294076264745,-0.5500688986479565,841,0
-0.45215280703352784,-0.9352144109881817,-0.06312662573476768,-0.2046294076264745,-1.1166116472710876,930,0
-0.0409569038548732,1.0273490466266768,-1.2049307476148434,-0.2046294076264745,-0.6571124364608,1341,0
0.8034424741475065,-1.2716538608650145,0.4221401260642645,-0.2046294076264745,-1.0468307663155951,1857,1
-0.013028165966261314,-1.1034341359265982,0.3507773684467598,-0.2046294076264745,-0.8194264348649768,1365,0
-0.9231422213536101,1.9245209129648977,0.008236131882737053,-0.2046294076264745,-0.8262338876016903,199,2
-0.0934259665794343,-1.1034341359265982,-1.1763856445678416,-0.2046294076264745,-0.8545619231136827,1296,0
0.7131874719265882,-1.3277271025111534,-1.4047464689438567,-0.2046294076264745,-1.023696203980801,1825,1
-0.3104555339221886,-1.2716538608650145,-1.2620209537088471,-0.2046294076264745,-0.8456811866184829,1087,0
0.18243877285954985,1.0273490466266768,0.6790460534872815,-0.2046294076264745,0.08993686235817698,1543,1
-0.12330560895291243,-1.3838003441572921,0.4364126775877655,-0.2046294076264745,-1.1896769381410142,1275,0
-0.8609186362047175,0.8030560800421215,-1.276293505232348,-0.2046294076264745,0.9649421527420574,311,2
-0.9255038425721324,1.0273490466266768,-0.39139531077528944,-0.2046294076264745,0.06460071900261415,193,2
0.11638183152986765,1.7563011880264814,0.3650499199702607,-0.2046294076264745,0.539582843425163,1483,1
1.2673812512064933,0.971275804980538,1.906485484508363,-0.2046294076264745,2.16697203279373,1988,1
-0.8481864174613798,0.24232366358073337,0.3793224714937617,-0.2046294076264745,0.7078421369635143,335,2
0.8843536706777494,1.5320082214419262,-1.319111159802851,-0.2046294076264745,0.02222156732543404,1881,1
-0.717373137791926,-1.4959468274495697,2.406024787830896,-0.2046294076264745,-0.8553804596470456,579,2
1.5343471280829295,0.7469828383959827,0.10814399254724368,-0.2046294076264745,2.0914254728712582,2043,1
-0.7885982646867804,-1.439873585803431,0.5363205382522721,-0.2046294076264745,-1.1921479434125766,457,2
-0.6983090360713908,-0.8791411693420429,0.3079597138762569,-0.2046294076264745,1.2214366054426269,605,2
-0.7651189580794425,-1.2716538608650145,-1.0051150262858302,-0.2046294076264745,-0.9893099717438255,495,2
-0.8779976070459152,1.81237442967262,-0.8766620625743217,-0.2046294076264745,0.24481731738570148,289,2
-0.36155554086789615,1.9245209129648977,0.49350288368176926,-0.2046294076264745,0.014274834899651286,1033,0
-0.021858575739866656,1.81237442967262,0.022508683406238,-0.2046294076264745,0.4529975870558987,1356,0
-0.004095077009242243,-1.2155806192188758,0.2365969562587522,-0.2046294076264745,-1.1686464509076544,1376,0
0.15122430110168958,-0.9912876526343205,-0.4342129653457923,-0.2046294076264745,-0.9528376260221352,1510,1
-0.6819488195140913,-0.9912876526343205,-1.019387577809331,-0.2046294076264745,-1.0778838356784697,627,2
-0.9246139563158776,-0.26233551123451593,-0.23439724401677905,-0.2046294076264745,2.189313718047617,196,2
-0.3078543279423669,-1.1034341359265982,-0.8052993049568169,-0.2046294076264745,-1.1657956857397354,1090,0
-0.9305693489538904,0.018030696996178132,2.2490267210723855,-0.2046294076264745,1.7028464227055327,182,2
-0.5821446532356697,0.41054338851914984,-0.6340286866748056,-0.2046294076264745,0.2578163960001719,780,0
0.32307502774227775,0.8591293216882603,0.7504088111047863,-0.2046294076264745,-0.18724937280332607,1639,1
0.7644586108446525,-0.20626226958837712,-0.6625737897218075,-0.2046294076264745,-0.2845346208469568,1848,1
1.889651329089889,-1.1034341359265982,2.134846308884378,-0.2046294076264745,-1.2161446633499091,2105,1
-0.428365462875948,1.307715254857371,-1.2620209537088471,-0.2046294076264745,0.44588991872544415,962,0
-0.49736587413016536,0.5787631134575663,-0.06312662573476768,-0.2046294076264745,0.4464929158581723,886,0
-0.9464503959885913,-0.9352144109881817,0.4792303321582683,-0.2046294076264745,-1.06864899873937,145,2
-0.636975337178753,0.07410393864231694,-0.26294234706378095,-0.2046294076264745,1.8238050815855442,695,2
0.08270305937007097,-0.7109214444036265,-1.0907503354268357,-0.2046294076264745,0.3559124827414287,1456,1
-0.509584696956433,1.251642013211232,0.7932264656752891,-0.2046294076264745,-0.7633733609737198,873,0
-0.9705800040908846,0.6909095967498439,0.49350288368176926,-0.2046294076264745,-0.30914203575275473,93,2
0.9195726305887565,-1.159507377572737,-0.7624816503863141,-0.2046294076264745,-1.2146204918739922,1889,1
-0.31196149527892747,0.35447014687301104,2.2204816180253837,-0.2046294076264745,-0.30578321342619696,1084,0
-0.39947838594213875,1.7002279463803425,-0.8909346140978226,-0.2046294076264745,0.6534312680294742,996,0
-0.7521471545748054,-1.3277271025111534,0.12241654407074462,-0.2046294076264745,-1.141516711825381,522,2
0.07277740497338302,-1.3277271025111534,-0.8481169595273198,-0.2046294076264745,-1.0125702653956563,1446,1
0.9776548220066168,0.8030560800421215,0.32223226539975786,-0.2046294076264745,0.2008036585870414,1905,1
-0.6741794279690975,1.0273490466266768,0.27941461082925506,-0.2046294076264745,-1.0237321272142403,648,2
0.9993543561014452,0.971275804980538,1.2927657689978223,-0.2046294076264745,-0.788781350796161,1918,1
-0.24549383721558904,-1.1034341359265982,1.1357677022393118,-0.2046294076264745,-0.8337187498832557,1161,0
1.2112499642734986,1.5320082214419262,-0.534120826010299,-0.2046294076264745,-0.7152978108511934,1976,1
-0.7416396514721046,-0.37448199452679354,0.5363205382522721,-0.2046294076264745,0.20857847268136548,544,2
-0.36200048399602364,-1.1034341359265982,-1.5046543296083634,-0.2046294076264745,-1.2095527500138306,1032,0
0.024278604007497026,1.868447671318759,0.07959888950024178,-0.2046294076264745,-0.8203578729891483,1405,0
-0.3290062397256538,1.307715254857371,2.3917522363073953,-0.2046294076264745,-0.6108433117912122,1068,0
-0.9898494641782478,-1.2716538608650145,0.3079597138762569,-0.2046294076264745,-1.0259003509468159,49,2
0.4734315786548656,-0.8230679276959041,-0.20585214096977716,-0.2046294076264745,0.5698045465284463,1724,1
1.5250717751811969,-1.439873585803431,-0.14876193487577336,-0.2046294076264745,-1.0492786780799466,2040,1
-0.9630844237016616,0.6909095967498439,-1.0764777839033348,-0.2046294076264745,1.5031004150577916,105,2
-0.023261857913191405,0.018030696996178132,-1.1906581960913425,-0.2046294076264745,2.4423800678999963,1354,0
-0.7253478877037477,-0.20626226958837712,2.092028654313875,-0.2046294076264745,2.5184526465978263,571,2
0.8832241996601955,-1.2716538608650145,-0.6625737897218075,-0.2046294076264745,-1.099011828831164,1879,1
-0.8817625104377625,-1.2155806192188758,1.1500402537628127,-0.2046294076264745,0.3323827648388045,281,2
-0.7688838614712897,-1.1034341359265982,-0.8195718564803178,-0.2046294076264745,-0.7995762824446169,485,2
0.16587319793542232,-0.03804254464996068,-1.5331994326553653,-0.2046294076264745,2.045271815737725,1526,1
-0.15308257214297646,1.7002279463803425,1.4640363872798337,-0.2046294076264745,-0.6037843964204249,1245,0
-0.8178618319597745,1.251642013211232,0.3079597138762569,-0.2046294076264745,0.9811948499280141,405,2
-0.9928956132861969,-0.26233551123451593,0.3650499199702607,-0.2046294076264745,0.8763426293549567,41,2
0.8308235897245768,0.018030696996178132,2.177663963454881,-0.2046294076264745,-1.2028299734702235,1868,1
-0.11471478394060662,1.0834222882728155,0.07959888950024178,-0.2046294076264745,0.8585195736786616,1283,0
-0.16944278870027601,1.7002279463803425,1.1785853568098148,-0.2046294076264745,-0.6323023118805957,1232,0
-0.9354637233632919,0.5226898718114275,-0.13448938335227242,-0.2046294076264745,0.3966135062279528,173,2
0.4482067259294895,1.1955687715650931,-0.8195718564803178,-0.2046294076264745,1.7508988793208484,1703,1
-0.6160630101567656,-0.31840875288065473,0.09387144102374273,-0.2046294076264745,0.4312665967704763,729,0
-0.4512971471717444,0.8591293216882603,2.3917522363073953,-0.2046294076264745,-0.7822741136531887,931,0
-0.029011892184376213,1.1394955299189544,-0.791026753433316,-0.2046294076264745,-0.5064375656908984,1352,0
-0.5896060072304213,-1.3277271025111534,0.293687162352756,-0.2046294076264745,-1.2600710800102173,770,0
0.025750338969764582,0.7469828383959827,1.378401078138828,-0.2046294076264745,-0.1640250023849343,1408,0
0.7161651682455945,1.0834222882728155,-0.9052071656213235,-0.2046294076264745,1.6315388043288777,1830,1
0.7066502305825627,-1.1034341359265982,-0.26294234706378095,-0.2046294076264745,-1.0279582390338284,1820,1
-0.8747118731766668,-0.8791411693420429,-0.020308971164264843,-0.2046294076264745,0.10593296501956845,293,2
1.0597297159488854,-0.7109214444036265,-0.505575722963297,-0.2046294076264745,1.1716726633484618,1934,1
-0.7042302023149323,1.81237442967262,0.07959888950024178,-0.2046294076264745,-1.0467768814654363,596,2
0.019760719937280433,-1.2716538608650145,-1.276293505232348,-0.2046294076264745,-0.8416808779805123,1400,0
1.270222041947614,-1.3838003441572921,0.3079597138762569,-0.2046294076264745,-1.059673322270081,1989,1
-0.09280989147895019,-1.3838003441572921,0.27941461082925506,-0.2046294076264745,-1.2428561533571414,1298,0
-0.17019576937864545,-0.4305552361729324,-0.5769384805808018,-0.2046294076264745,1.2029258764404969,1231,0
-0.9001078578743995,-1.439873585803431,-0.6911188927688093,-0.2046294076264745,-1.0840703296657352,242,2
0.09711237144250419,-1.4959468274495697,0.25086950778225314,-0.2046294076264745,-1.2376062293845385,1465,1
-0.5113302430744713,-1.1034341359265982,-0.8909346140978226,-0.2046294076264745,-1.0660830534937185,871,0
0.26126215932704133,0.8591293216882603,0.293687162352756,-0.2046294076264745,0.8921950390825918,1591,1
1.7860138066306779,-1.1034341359265982,-1.333383711326352,-0.2046294076264745,-0.8490554046165146,2089,1
-0.9708538152466553,0.24232366358073337,0.7646813626282872,-0.2046294076264745,0.734307296227164,92,2
-0.8231326967083604,-0.26233551123451593,-0.6483012381983065,-0.2046294076264745,-1.2550597889454598,399,2
-0.052696557158542164,-0.4305552361729324,2.2632992725958867,-0.2046294076264745,0.4474397496538176,1330,0
0.6008222188771856,-0.5987749611113489,0.7646813626282872,-0.2046294076264745,-1.2483113529493963,1778,1
-0.3583040333931191,0.8030560800421215,0.293687162352756,-0.2046294076264745,-0.5374110907511577,1035,0
-0.4403789273353876,-1.4959468274495697,1.1928579083333157,-0.2046294076264745,-0.9211405044026023,946,0
-1.0125415637127448,1.9805941546110366,-0.8481169595273198,-0.2046294076264745,0.11750794402270251,8,2
-0.8787848141187561,0.5787631134575663,-1.1763856445678416,-0.2046294076264745,-0.9235088718643385,288,2
-0.7486902887332003,0.9152025633343992,0.5363205382522721,-0.2046294076264745,-0.8457376374138872,529,2
-0.4370247406771965,-1.2716538608650145,-1.5331994326553653,-0.2046294076264745,0.2965416416475444,950,0
0.6467198138632498,0.18625042193459457,0.1509616471177465,-0.2046294076264745,-0.797174557694687,1794,1
-0.5117751862025987,0.7469828383959827,-0.9052071656213235,-0.2046294076264745,-0.7502973040018798,870,0
-0.4556781256640757,0.9152025633343992,0.6076832958697769,-0.2046294076264745,1.5198868288548437,927,0
1.4485757835377564,-0.9912876526343205,0.008236131882737053,-0.2046294076264745,-1.1973670760422315,2021,1
-0.09910754806167649,0.46661663016528865,-0.8052993049568169,-0.2046294076264745,-0.7720154645610742,1292,0
1.1626142577297276,0.35447014687301104,2.2632992725958867,-0.2046294076264745,0.01797749388912647,1958,1
-0.276879440945806,0.13017718028845576,0.2651420593057541,-0.2046294076264745,-1.1469257244032143,1129,0
0.41196097418434247,0.07410393864231694,-0.13448938335227242,-0.2046294076264745,1.513502757083663,1678,1
-0.019257369760045,0.07410393864231694,0.49350288368176926,-0.2046294076264745,-1.0679741551397635,1359,0
-0.15831921049709116,0.6909095967498439,0.836044120245792,-0.2046294076264745,-0.6547697284515201,1241,0
-0.3870884311435144,-1.3277271025111534,-0.3771227592517885,-0.2046294076264745,-0.9145460251212778,1008,0
-0.9032224597712913,-1.0473608942804593,1.5353991448973383,-0.2046294076264745,-0.4772473725763669,235,2
-0.5441191289780131,-1.2716538608650145,-1.0764777839033348,-0.2046294076264745,-1.2591704332289937,832,0
-0.8731032326365139,-1.4959468274495697,0.3793224714937617,-0.2046294076264745,-0.19295860097490067,297,2
1.311225262524277,-1.3277271025111534,0.6505009504402797,-0.2046294076264745,-1.1650592594542335,1994,1
-0.834530086067316,1.4198617381496486,0.16523419864124747,-0.2046294076264745,-0.13672591091644795,365,2
-0.9808136960378147,0.35447014687301104,-0.34857765620478665,-0.2046294076264745,-0.5448497660183013,69,2
-0.8893607700103995,1.0273490466266768,1.078677496145308,-0.2046294076264745,0.024515522375046377,267,2
0.5186104193570318,1.251642013211232,-0.9908424747623292,-0.2046294076264745,-1.0488168079357294,1747,1
-0.00019326803950956404,-0.31840875288065473,0.6076832958697769,-0.2046294076264745,-0.9371520027354675,1380,0
1.3214589544712072,-0.7109214444036265,-0.1915795894462762,-0.2046294076264745,0.3131176479344531,1995,1
-0.9455262833378651,0.18625042193459457,0.13668909559424558,-0.2046294076264745,0.8822135120770076,149,2
0.06257793942092424,1.868447671318759,-0.3771227592517885,-0.2046294076264745,-0.21539779214812296,1437,1
-0.25292096481586945,1.6441547047342038,-0.13448938335227242,-0.2046294076264745,-0.25947046768743315,1154,0
-0.2793779677422137,-0.15018902794223832,2.5772954061129076,-0.2046294076264745,1.3726092695901848,1128,0
-0.9591483883374576,1.6441547047342038,0.4364126775877655,-0.2046294076264745,0.445928407904129,115,2
0.664859802933059,1.868447671318759,0.5077754352052702,-0.2046294076264745,-0.6906236813690085,1803,1
0.17952952932948624,1.6441547047342038,0.836044120245792,-0.2046294076264745,-0.12172796095561499,1537,1
-0.27239578327006075,-1.2155806192188758,1.7637599692733534,-0.2046294076264745,-1.1982497612067358,1132,0
0.42606224870653375,-1.0473608942804593,-0.14876193487577336,-0.2046294076264745,-0.9435283766709116,1686,1
1.080025967870389,0.9152025633343992,0.5363205382522721,-0.2046294076264745,-0.47067598680225353,1939,1
-0.76607729712464,1.3637884965035096,-0.7196639958158112,-0.2046294076264745,0.23269322609999815,491,2
-0.7883244535310098,0.8030560800421215,-1.1906581960913425,-0.2046294076264745,0.20849379648825878,458,2
-0.9266333135896865,0.971275804980538,-1.0907503354268357,-0.2046294076264745,-0.8822997912191755,190,2
-0.9561364656239799,0.18625042193459457,0.5077754352052702,-0.2046294076264745,-0.35407943483984944,125,2
0.06942321831519184,0.5226898718114275,0.06532633797674084,-0.2046294076264745,-0.5431921653896103,1445,1
-0.40481770347966745,-0.26233551123451593,0.7646813626282872,-0.2046294076264745,1.6813976863971318,989,0
-0.9711276264024259,-0.4305552361729324,1.2784932174743213,-0.2046294076264745,-0.610078660108008,91,2
0.231964365659576,-1.1034341359265982,0.80749901719879,-0.2046294076264745,-1.0366234361283935,1574,1
-0.11659723563653025,1.4759349797957872,-1.4761092265613613,-0.2046294076264745,0.48314487774705833,1281,0
-0.8312101258035962,-0.5987749611113489,0.293687162352756,-0.2046294076264745,-0.043607757951755186,375,2
-0.534501512131567,-1.159507377572737,-0.6340286866748056,-0.2046294076264745,-0.8847015159691053,844,0
-0.9113341152609985,-1.3838003441572921,-1.4903817780848623,-0.2046294076264745,-1.0558731573612712,222,2
-0.6976587345764353,-0.31840875288065473,0.80749901719879,-0.2046294076264745,0.8489742573648378,606,2
-0.9992274962633945,-1.3277271025111534,-0.1915795894462762,-0.2046294076264745,-0.9822484904277926,31,2
-0.40820611653232997,-0.5987749611113489,-0.3057600016342838,-0.2046294076264745,0.8611291399934892,984,0
-0.5844035952707779,-1.2716538608650145,-1.105022886950337,-0.2046294076264745,-1.1343397629732936,778,0
-0.8952477098594694,0.46661663016528865,0.6790460534872815,-0.2046294076264745,1.8489744385001399,253,2
-0.7046751454430596,0.35447014687301104,0.7789539141517882,-0.2046294076264745,1.059040496790589,593,2
-0.337939328682673,-0.4866284778190712,-0.2772148985872819,-0.2046294076264745,-0.579590098699177,1054,0
-0.5470968252970195,0.7469828383959827,-1.0764777839033348,-0.2046294076264745,-0.6368594306368728,825,0
-0.550279879982854,-1.159507377572737,-0.6911188927688093,-0.2046294076264745,0.6036416664828526,818,0
-0.5633201362764337,-1.3277271025111534,0.5077754352052702,-0.2046294076264745,-0.8833133395912078,802,0
-1.014868958536796,-0.0941157862960995,0.25086950778225314,-0.2046294076264745,2.2581554630432015,5,2
-0.1414113716282503,1.3637884965035096,-0.2914874501107828,-0.2046294076264745,0.6050991233823827,1258,0
-0.8267264681278509,-0.4866284778190712,-0.14876193487577336,-0.2046294076264745,1.5421874589848008,386,2
-0.6145570488000267,0.2983969052268722,-0.9908424747623292,-0.2046294076264745,0.7346716604520465,731,0
-0.5469256933246628,1.1955687715650931,0.008236131882737053,-0.2046294076264745,0.7527205193099589,826,0
1.766504761782015,0.5226898718114275,-0.9194797171448245,-0.2046294076264745,2.5202872974484674,2087,1
-0.20428525827209812,1.3637884965035096,-0.7196639958158112,-0.2046294076264745,2.148392023269967,1204,0
1.3256003482022392,-1.3277271025111534,-1.2620209537088471,-0.2046294076264745,-1.1769395859416,1997,1
1.988462929928642,0.8591293216882603,0.27941461082925506,-0.2046294076264745,-0.04081600952448633,2122,1
-0.07220560200720479,1.307715254857371,-1.4903817780848623,-0.2046294076264745,0.9825368392914897,1315,0
-0.9888226723441077,1.9245209129648977,1.1357677022393118,-0.2046294076264745,-0.27425287824763134,51,2
1.1630934272523263,1.1394955299189544,1.2499481144273195,-0.2046294076264745,-0.24750803095220567,1959,1
-0.6657255085346769,0.35447014687301104,0.8503166717692929,-0.2046294076264745,1.610056710732283,662,2
0.7117157369643208,0.41054338851914984,0.9074068778632967,-0.2046294076264745,0.060076957534530524,1824,1
0.25397193730464634,0.07410393864231694,-0.4056678622987904,-0.2046294076264745,-0.9709506335111892,1585,1
-0.9699639289904005,0.2983969052268722,-1.1763856445678416,-0.2046294076264745,-0.6768419894546144,97,2
-0.9737288323822475,-0.0941157862960995,-0.3057600016342838,-0.2046294076264745,-1.0504923701811397,86,2
-0.7688838614712897,0.6348363551037051,-0.26294234706378095,-0.2046294076264745,-0.5851171447583103,485,2
-0.3291089189090678,0.9152025633343992,1.092950047668809,-0.2046294076264745,1.805112170470973,1067,0
-0.5043480586023183,-0.20626226958837712,1.2071304598568167,-0.2046294076264745,2.3754602158934053,879,0
-0.9376542126094575,0.07410393864231694,-1.2477484021853462,-0.2046294076264745,0.7271893641157264,170,2
-0.8490420773231633,0.18625042193459457,0.3935950230172626,-0.2046294076264745,0.2369886184412187,332,2
1.4459745775579347,-1.2716538608650145,-0.33430510468128566,-0.2046294076264745,-1.2127730112971231,2019,1
-0.5569882532992362,-1.439873585803431,-0.26294234706378095,-0.2046294076264745,-1.0344526464505723,807,0
-0.6184246313752879,-1.4959468274495697,2.5630228545894065,-0.2046294076264745,-1.1248431996191377,725,0
-0.7165859307190852,0.2983969052268722,2.3917522363073953,-0.2046294076264745,0.033996690057728846,580,2
-0.9988852323186811,-1.1034341359265982,1.4640363872798337,-0.2046294076264745,-0.9808295227069473,34,2
-0.6645960375171228,-0.7109214444036265,-1.2334758506618453,-0.2046294076264745,0.35430876696289654,663,2
-0.48230626056277665,1.4198617381496486,0.2365969562587522,-0.2046294076264745,-0.2845859397518699,902,0
0.7101413228186391,1.307715254857371,0.8503166717692929,-0.2046294076264745,-0.6640584502407787,1823,1
-0.9124635862785526,0.07410393864231694,-0.8338444080038188,-0.2046294076264745,1.5141160179973736,220,2
-0.9927244813138402,0.2983969052268722,0.6219558473932778,-0.2046294076264745,0.29805041745198746,42,2
-0.07357465778605822,0.46661663016528865,-0.6911188927688093,-0.2046294076264745,-0.8673146709845707,1313,0
-0.5198526152978344,1.307715254857371,1.6781246601323478,-0.2046294076264745,0.04658265148764926,860,0
0.24568914984258253,-0.5987749611113489,-1.4332915719908585,-0.2046294076264745,-0.02431698159494715,1581,1
0.8940055139186669,0.8591293216882603,-0.34857765620478665,-0.2046294076264745,1.2139183858728677,1886,1
0.45005495123094164,-1.0473608942804593,1.40694618118583,-0.2046294076264745,-1.1293515654157473,1705,1
-0.8930229942188326,-0.6548482027574877,0.19377930168824936,-0.2046294076264745,0.28331675985145655,259,2
-0.7479030816603596,0.6909095967498439,-1.3904739174203558,-0.2046294076264745,-0.7399873360048521,532,2
-0.5653394935502427,-0.4866284778190712,-0.26294234706378095,-0.2046294076264745,1.0775974128071406,799,0
-0.32137375375854543,0.5787631134575663,-1.1763856445678416,-0.2046294076264745,0.41920408817066857,1076,0
1.5514603253185986,1.868447671318759,-1.319111159802851,-0.2046294076264745,0.005371004897240635,2045,1
-1.015895750370936,0.41054338851914984,-1.2620209537088471,-0.2046294076264745,-0.7456375474357767,3,2
-0.1385363544926578,1.251642013211232,-1.3048386082793502,-0.2046294076264745,2.1099028445851946,1262,0
1.6086526304802042,1.0273490466266768,0.5077754352052702,-0.2046294076264745,-0.8497764352305427,2059,1
-0.3948578226885081,0.5226898718114275,0.051053786453239894,-0.2046294076264745,-1.1780378105067388,999,0
-0.38725956311587106,0.5226898718114275,-0.020308971164264843,-0.2046294076264745,1.0951972312470641,1007,0
-0.5255684231745479,0.6909095967498439,-1.276293505232348,-0.2046294076264745,1.644822702865615,854,0
-0.770629407589328,-0.26233551123451593,-1.276293505232348,-0.2046294076264745,1.9527310004533038,481,2
-0.9429593037525148,-0.03804254464996068,-0.6625737897218075,-0.2046294076264745,0.6000185517959926,155,2
1.643768911207797,0.971275804980538,-0.3200325531577847,-0.2046294076264745,0.499882538584443,2068,1
1.685353980490473,-0.9352144109881817,1.10722259919231,-0.2046294076264745,-1.0591370397137396,2075,1
0.3719503190473483,0.8030560800421215,-0.23439724401677905,-0.2046294076264745,-0.20914971547496147,1655,1
1.6077969706184208,0.6348363551037051,-1.319111159802851,-0.2046294076264745,1.9721603378533767,2058,1
-1.0030950788386557,-1.3277271025111534,0.22232440473525125,-0.2046294076264745,-1.1039204820860953,24,2
-0.8487682661673925,-1.3277271025111534,0.3793224714937617,-0.2046294076264745,-1.0957864356573799,334,2
-0.7523867393361049,0.24232366358073337,0.3793224714937617,-0.2046294076264745,-0.6778991588958228,521,2
1.3868998207004053,-1.439873585803431,0.9216794293867977,-0.2046294076264745,-0.9945445000449545,2007,1
-0.5616430429473381,-1.1034341359265982,0.8217715687222911,-0.2046294076264745,-1.110953738004426,804,0
1.9522514045779662,0.24232366358073337,-0.006036419640763895,-0.2046294076264745,-0.30339945029298665,2114,1
-0.8378158199365644,-1.159507377572737,-0.7053914442923103,-0.2046294076264745,-1.065503149868201,358,2
-0.4061183064695783,1.868447671318759,0.022508683406238,-0.2046294076264745,0.5638515535585349,988,0
0.2958992705320354,0.7469828383959827,-1.5331994326553653,-0.2046294076264745,0.7156631380722601,1616,1
-0.23974380294440423,1.4759349797957872,-0.8338444080038188,-0.2046294076264745,-0.18170949701796446,1168,0
-0.8790243988800555,0.18625042193459457,-1.361928814373354,-0.2046294076264745,-0.3000406279664289,287,2
-0.9511394120311646,-1.3838003441572921,1.7209423147028506,-0.2046294076264745,-0.9212764995006217,134,2
0.6386081583735428,1.251642013211232,-0.6054835836278036,-0.2046294076264745,0.7515299207159767,1789,1
0.013052346620898256,-1.3277271025111534,2.448842442401399,-0.2046294076264745,-1.1681999764349111,1391,0
-0.3373574799766602,1.4198617381496486,-0.4342129653457923,-0.2046294076264745,-0.8865130733125353,1056,0
-0.885458961040667,-0.9912876526343205,-0.9908424747623292,-0.2046294076264745,-1.1243761975844289,273,2
0.7471058288476844,-0.8791411693420429,-1.1763856445678416,-0.2046294076264745,-0.9554420604464713,1841,1
-0.8752594954882081,0.18625042193459457,0.2365969562587522,-0.2046294076264745,-0.008256730302414387,292,2
-0.6924220962223206,-1.3277271025111534,0.16523419864124747,-0.2046294076264745,-0.8912908633599382,611,2
-0.6999861294004863,1.251642013211232,0.4506852291112664,-0.2046294076264745,0.09247201626088068,601,2
-0.7472527801654042,0.35447014687301104,-0.14876193487577336,-0.2046294076264745,2.485031209773216,534,2
-0.21886570231688807,-1.439873585803431,2.5344777515424046,-0.2046294076264745,-0.9959609018205542,1188,0
-0.9677049869552921,-1.0473608942804593,0.008236131882737053,-0.2046294076264745,0.3843328922822648,101,2
-0.1899101725941362,0.8591293216882603,0.3935950230172626,-0.2046294076264745,-1.0853225109456133,1215,0
-0.5978545682980136,1.9245209129648977,1.5496716964208392,-0.2046294076264745,-0.014740873938175834,755,0
-0.5760523550197715,0.41054338851914984,0.1509616471177465,-0.2046294076264745,0.5269019420211533,784,0
-0.5453170527845099,-1.3277271025111534,-0.7196639958158112,-0.2046294076264745,-1.2524066015614561,830,0
-0.8842268108396988,-1.1034341359265982,0.836044120245792,-0.2046294076264745,-0.9948318859124675,276,2
-0.7044013342872889,-1.3277271025111534,0.40786757454076356,-0.2046294076264745,-1.1062683219858664,595,2
-0.06830379303747229,0.7469828383959827,-0.17730703792277525,-0.2046294076264745,-0.9468948968332063,1318,0
-0.6284871913498612,0.35447014687301104,0.7504088111047863,-0.2046294076264745,2.1233509636176544,706,0
0.017022608379573353,-0.9912876526343205,-1.5617445357023672,-0.2046294076264745,-0.5932871144204646,1397,0
-0.9120186431504252,0.41054338851914984,-0.6483012381983065,-0.2046294076264745,0.11098274526301068,221,2
-0.6323205475306511,-0.9912876526343205,0.22232440473525125,-0.2046294076264745,-0.0895407437941627,702,2
1.5217175885230056,-0.9912876526343205,-1.1906581960913425,-0.2046294076264745,0.7068542480439384,2038,1
-0.13983695748256864,-1.0473608942804593,-0.5626659290573008,-0.2046294076264745,-1.0225440945655038,1260,0
0.27731433833409885,0.8591293216882603,1.7066697631793497,-0.2046294076264745,0.6449764784450526,1605,1
0.9387394114927055,0.41054338851914984,-0.006036419640763895,-0.2046294076264745,-0.2790229704592974,1897,1
-0.9287211236524382,1.81237442967262,0.6219558473932778,-0.2046294076264745,0.5086529394340799,187,2
0.8075838678785384,0.18625042193459457,-0.06312662573476768,-0.2046294076264745,-0.37373200947629426,1858,1
0.44824095232396083,0.5787631134575663,-0.6768463412453084,-0.2046294076264745,-0.42086585769366663,1704,1
0.21755505358714278,1.0834222882728155,0.6790460534872815,-0.2046294076264745,0.49992102776312763,1561,1
1.8469710151841305,-1.1034341359265982,1.378401078138828,-0.2046294076264745,0.23073797582281175,2097,1
-0.6174662923300904,-0.7669946860497653,-0.6625737897218075,-0.2046294076264745,2.2018996794775383,726,0
-0.5557903294927393,0.18625042193459457,0.16523419864124747,-0.2046294076264745,1.1026051151712604,810,0
-0.38524020584206214,0.46661663016528865,-1.3762013658968548,-0.2046294076264745,0.2571569480720396,1011,0
-0.6301642846789568,-0.37448199452679354,2.191936514978382,-0.2046294076264745,0.12002770225393221,705,0
0.19612933064808505,1.3637884965035096,-0.33430510468128566,-0.2046294076264745,0.41042342354004907,1551,1
-0.25134655067018785,0.46661663016528865,-1.1763856445678416,-0.2046294076264745,0.8435370193893026,1156,0
1.5040567689757953,0.8591293216882603,-0.39139531077528944,-0.2046294076264745,-0.12040649915410456,2032,1
-0.2547691901173217,-0.9912876526343205,-0.33430510468128566,-0.2046294076264745,-0.8670888678029534,1152,0
0.8885292908032527,1.3637884965035096,-0.9480248201918264,-0.2046294076264745,0.031736092296309776,1883,1
-0.924853541077177,0.971275804980538,0.6362283989167787,-0.2046294076264745,0.21478036234010495,195,2
0.04255549865519143,-0.4866284778190712,0.6647735019637806,-0.2046294076264745,1.2442427267859772,1427,1
-0.7436590087459136,0.41054338851914984,-0.04885407421126674,-0.2046294076264745,1.1673618753357669,541,2
-0.9294398779363362,1.1955687715650931,-0.06312662573476768,-0.2046294076264745,0.03324486810075288,184,2
1.873838734844131,1.5880814630880649,0.9074068778632967,-0.2046294076264745,-0.8751895569434751,2103,1
-0.8143365133292266,-0.9912876526343205,-0.9052071656213235,-0.2046294076264745,-1.1065659716343619,413,2
1.5782253657951848,0.8591293216882603,-0.07739917725826863,-0.2046294076264745,0.5434753823628163,2053,1
0.013189252198783483,-1.2716538608650145,2.3489345817368923,-0.2046294076264745,-1.0420632400491747,1392,0
0.4119952005788138,0.7469828383959827,0.5934107443462758,-0.2046294076264745,1.4389440860807676,1679,1
-0.6146939543779121,-0.7109214444036265,-1.2620209537088471,-0.2046294076264745,2.1675031834595795,730,0
0.6375129137504599,1.4198617381496486,-0.06312662573476768,-0.2046294076264745,-0.5068866061088874,1788,1
-0.7486218359442576,-0.37448199452679354,0.3650499199702607,-0.2046294076264745,1.2323726640795933,531,2
-0.8933994845580173,1.7002279463803425,2.0206658966963706,-0.2046294076264745,0.7257242093804595,257,2
-0.7180918920758241,0.24232366358073337,-0.8052993049568169,-0.2046294076264745,-0.3490193908154247,578,2
1.395353740134826,0.8030560800421215,0.06532633797674084,-0.2046294076264745,-0.028281366999478665,2010,1
-0.6186984425310587,1.4759349797957872,1.5211265933738374,-0.2046294076264745,-0.059819400013781186,724,0
-0.6545677039370208,0.6909095967498439,-0.4627580683927942,-0.2046294076264745,-0.9758438910946464,674,2
0.9814539517929354,-1.2155806192188758,-1.1192954384738378,-0.2046294076264745,-0.16376327596987775,1907,1
0.9834048562778018,0.5787631134575663,0.022508683406238,-0.2046294076264745,0.36118550022124263,1911,1
-0.7476634968990602,0.6348363551037051,0.293687162352756,-0.2046294076264745,-0.897669803240628,533,2
-0.4262092000242537,-1.3838003441572921,2.406024787830896,-0.2046294076264745,-0.9296671404539021,965,0
0.13020929489628807,1.9805941546110366,-0.8909346140978226,-0.2046294076264745,0.38181313405103484,1501,1
0.4283554171361134,-0.9352144109881817,1.0501323930983062,-0.2046294076264745,-0.8170375398412754,1687,1
-0.555242707181198,0.6909095967498439,-0.39139531077528944,-0.2046294076264745,0.05193264732483272,811,0
0.9830625923330883,-1.0473608942804593,0.022508683406238,-0.2046294076264745,-1.171350957196571,1910,1
0.038619463290987636,-1.1034341359265982,0.6790460534872815,-0.2046294076264745,-0.8164268448728103,1423,1
-0.005909075916223064,-0.4866284778190712,-0.03458152268776579,-0.2046294076264745,-1.042494318850444,1374,0
-0.753721568720487,0.7469828383959827,2.1205737573608774,-0.2046294076264745,-0.8115592467418092,516,2
-0.7021766186466519,-0.26233551123451593,-0.7053914442923103,-0.2046294076264745,0.3032977754793447,600,2
-0.6842419879436709,-0.20626226958837712,0.25086950778225314,-0.2046294076264745,-0.2565452901073903,623,2
-0.020455293566541712,-1.3277271025111534,-0.41994041382229136,-0.2046294076264745,-0.9397564371598038,1358,0
-0.8238172245977872,-1.2716538608650145,0.22232440473525125,-0.2046294076264745,-0.9020806631179029,397,2
0.4762381430015153,-0.9912876526343205,-0.39139531077528944,-0.2046294076264745,-0.9897128251473928,1727,1
-0.13063005736977873,1.5320082214419262,2.4631149939248997,-0.2046294076264745,0.5663482182825537,1266,0
1.466955357368865,0.6909095967498439,0.3935950230172626,-0.2046294076264745,-0.7603044904599207,2023,1
0.9276158332895206,1.5320082214419262,-0.26294234706378095,-0.2046294076264745,-0.5576820581918045,1894,1
-0.7532766255923596,0.24232366358073337,1.5068540418503364,-0.2046294076264745,1.9728249176720005,520,2
-0.9703061929351138,1.6441547047342038,2.434569890877898,-0.2046294076264745,0.07346862577158582,96,2
-0.8088602902138126,-0.9912876526343205,0.13668909559424558,-0.2046294076264745,0.6219753452630324,419,2
-0.9241690131877502,0.5226898718114275,-1.3762013658968548,-0.2046294076264745,0.611996384202694,198,2
-1.0055936056350632,-0.8791411693420429,-1.2477484021853462,-0.2046294076264745,1.3838070546422079,19,2
0.4571398148865088,1.5880814630880649,0.13668909559424558,-0.2046294076264745,0.35731862073604564,1710,1
-0.4076584942207885,0.5787631134575663,-0.7482090988628132,-0.2046294076264745,0.6299297755245521,985,0
-0.16735497863752444,-1.4959468274495697,-0.9052071656213235,-0.2046294076264745,-1.1718615803004557,1234,0
-0.7581025472128182,-1.2155806192188758,-0.2914874501107828,-0.2046294076264745,-1.0369467452293455,510,2
0.1697407805106835,1.3637884965035096,1.8636678299378602,-0.2046294076264745,0.5542728799565179,1530,1
0.09694123947014766,-1.439873585803431,2.2490267210723855,-0.2046294076264745,-1.1113334979007825,1464,1
-0.16461686707981737,1.7563011880264814,1.8065776238438565,-0.2046294076264745,-0.17153039222846495,1237,0
-0.9591141619429863,0.6348363551037051,-1.2334758506618453,-0.2046294076264745,1.4229300218026562,116,2
-0.3410539305795648,-1.0473608942804593,-1.1335679899973388,-0.2046294076264745,-1.2476929601451943,1052,0
0.9854584399460822,-1.2155806192188758,-0.9194797171448245,-0.2046294076264745,-0.8684231593306921,1912,1
0.46894792097912036,-0.9912876526343205,0.06532633797674084,-0.2046294076264745,-0.9789871740205696,1719,1
0.729171198144703,-0.9912876526343205,2.4916600969719016,-0.2046294076264745,0.18347583034315668,1835,1
0.11747707615295046,1.6441547047342038,-1.5331994326553653,-0.2046294076264745,0.6382921910801304,1484,1
-0.3358172922254501,0.6348363551037051,2.1205737573608774,-0.2046294076264745,1.1521843092077384,1062,0
-0.28985124445044314,0.8030560800421215,0.836044120245792,-0.2046294076264745,-0.23941247370217536,1109,0
-0.09274143869000757,-1.2155806192188758,0.27941461082925506,-0.2046294076264745,-0.9866054654549088,1299,0
0.0298232799118538,-1.0473608942804593,0.008236131882737053,-0.2046294076264745,1.1537084806836555,1411,0
1.1820548497894474,-0.37448199452679354,-0.49130317143979607,-0.2046294076264745,1.7643316026818336,1968,1
-0.6817092347527918,0.13017718028845576,-1.5331994326553653,-0.2046294076264745,1.1355544180706711,628,2
2.023989927389891,-0.4866284778190712,0.7075911565342834,-0.2046294076264745,-0.07352924546129722,2130,1
0.8221300855288571,-0.9912876526343205,0.20805185321175032,-0.2046294076264745,-1.2368826328252644,1863,1
-0.1932985856467986,-1.1034341359265982,0.6076832958697769,-0.2046294076264745,-0.9411651410996665,1210,0
-0.5719794140776823,1.0834222882728155,-0.3628502077282876,-0.2046294076264745,1.5629639176388415,789,0
1.72033335564018,-1.3838003441572921,-0.505575722963297,-0.2046294076264745,-1.1341575808608526,2081,1
-0.9886173139772797,0.6909095967498439,0.6505009504402797,-0.2046294076264745,2.15801431794116,52,2
-0.9211570904742725,-1.3838003441572921,0.6219558473932778,-0.2046294076264745,-1.14208378572467,203,2
0.45744785243675073,-1.2155806192188758,-0.2914874501107828,-0.2046294076264745,-1.2241375827901138,1711,1
2.0113946142244385,0.13017718028845576,-0.8623895110508207,-0.2046294076264745,0.6801607196534258,2127,1
-0.3368783104540616,-0.8791411693420429,-0.9337522686683254,-0.2046294076264745,1.2112703303793555,1058,0
-0.8741300244706541,-0.03804254464996068,0.7361362595812854,-0.2046294076264745,-1.243115313826952,294,2
-0.45040726091548966,-0.8230679276959041,0.7504088111047863,-0.2046294076264745,0.07293490916049032,933,0
0.2055758155221745,0.46661663016528865,-1.347656262849853,-0.2046294076264745,0.6533055367124373,1555,1
0.9950076040035853,-0.9352144109881817,2.3489345817368923,-0.2046294076264745,-0.8178586423198838,1916,1
-0.7695341629662452,1.307715254857371,0.10814399254724368,-0.2046294076264745,0.4614036236806531,484,2
-0.46307102686988466,-0.4866284778190712,0.3935950230172626,-0.2046294076264745,0.6193170259885376,918,0
0.9828572339662605,-0.0941157862960995,-0.14876193487577336,-0.2046294076264745,1.7852979412840522,1909,1
-0.8881970725983741,1.5320082214419262,0.13668909559424558,-0.2046294076264745,-0.9463124272624434,269,2
0.6156764740777464,-1.2155806192188758,-0.9622973717153274,-0.2046294076264745,-0.901880519388742,1786,1
1.170246743696836,0.8591293216882603,-1.0907503354268357,-0.2046294076264745,1.6968677702831645,1963,1
-0.8194704724999273,-0.9352144109881817,-1.2192032991383444,-0.2046294076264745,1.0459618738735035,404,2
1.6379161977531984,1.868447671318759,-0.2914874501107828,-0.2046294076264745,-0.05582678921154759,2066,1
-0.3732267413826224,1.251642013211232,-1.333383711326352,-0.2046294076264745,0.5270789922431032,1020,0
1.292777235904226,0.6348363551037051,-1.2620209537088471,-0.2046294076264745,-0.1048260796225086,1991,1
-0.6942360951293016,1.251642013211232,-0.9052071656213235,-0.2046294076264745,-0.9867902135125957,610,2
0.4364670726258206,0.8030560800421215,0.22232440473525125,-0.2046294076264745,0.1737432000264007,1695,1
-0.8466804561046409,0.8591293216882603,-0.776754201909815,-0.2046294076264745,0.1579754664918723,339,2
-0.7768586113831114,-1.1034341359265982,-0.20585214096977716,-0.2046294076264745,-0.9327283131319644,473,2
-0.12282643943031375,-0.9352144109881817,-1.047932680856333,-0.2046294076264745,-1.1004641538402027,1277,0
-0.39167476800267365,-0.9912876526343205,-0.8052993049568169,-0.2046294076264745,-1.0492196613392968,1002,0
-0.4818955438291206,0.35447014687301104,-0.24866979554028,-0.2046294076264745,2.39657024742938,903,0
-0.6057608654208928,-0.15018902794223832,1.6210344540383441,-0.2046294076264745,0.06699731186205268,744,0
0.03752421866790485,0.8030560800421215,-0.26294234706378095,-0.2046294076264745,1.035267014089628,1420,1
0.7158571306953526,0.8030560800421215,-1.1192954384738378,-0.2046294076264745,-0.6045901032275595,1828,1
0.10518980053774,-0.20626226958837712,-0.16303448639927431,-0.2046294076264745,-0.6644792652610655,1471,1
1.706677024246116,1.251642013211232,-0.791026753433316,-0.2046294076264745,-0.9274989167213266,2080,1
-0.770732086772742,-0.8791411693420429,-0.6768463412453084,-0.2046294076264745,-0.9770806767030505,480,2
-0.06180077808791796,-1.1034341359265982,0.16523419864124747,-0.2046294076264745,-0.8217537472027827,1323,0
0.022396152311573398,-1.1034341359265982,-0.24866979554028,-0.2046294076264745,-1.2033765198075472,1402,0
0.18387628142734608,1.0834222882728155,-1.4047464689438567,-0.2046294076264745,0.6397393841986779,1544,1
-0.7241841902917223,-0.7669946860497653,-1.3762013658968548,-0.2046294076264745,-1.095883941576715,573,2
1.0502147782858535,-0.9352144109881817,-0.5626659290573008,-0.2046294076264745,-1.130046936577319,1931,1
-0.13333394253301448,-0.9912876526343205,0.051053786453239894,-0.2046294076264745,-0.963529919860765,1265,0
-0.9795473194423752,1.7002279463803425,-0.791026753433316,-0.2046294076264745,0.5503675112926362,72,2
-0.8005432763572774,1.3637884965035096,-0.2772148985872819,-0.2046294076264745,-0.034172777283494514,433,2
0.5105672166562673,0.5787631134575663,0.33650481692325884,-0.2046294076264745,-0.8954990135628068,1743,1
-0.8012962570356468,-1.0473608942804593,0.2365969562587522,-0.2046294076264745,-0.1826075778539425,430,2
-0.7411604819495059,0.18625042193459457,-0.13448938335227242,-0.2046294076264745,-0.7857099143371161,546,2
-0.433636327624534,1.0834222882728155,-0.7196639958158112,-0.2046294076264745,2.1198433164668486,956,0
-0.8527385279260679,-1.2716538608650145,-0.7196639958158112,-0.2046294076264745,-0.4490938213410787,327,2
0.0936897319953704,0.8591293216882603,-0.1915795894462762,-0.2046294076264745,2.1575293542897325,1462,1
-0.5881000458736825,0.6909095967498439,0.2651420593057541,-0.2046294076264745,0.25567639766529854,771,0
0.7159255834842952,-0.4305552361729324,-1.0622052323798339,-0.2046294076264745,1.2476528680174483,1829,1
1.5103544255585217,-0.20626226958837712,0.7646813626282872,-0.2046294076264745,2.24333969519481,2035,1
-0.4014635168214763,-0.6548482027574877,-0.9194797171448245,-0.2046294076264745,1.229547558364131,994,0
-0.24833462795671013,-0.9352144109881817,-1.2049307476148434,-0.2046294076264745,-0.9149463125795995,1160,0
0.21170234013254385,1.9245209129648977,0.5363205382522721,-0.2046294076264745,0.5235251580778759,1558,1
1.4471040485754891,0.5226898718114275,-1.0764777839033348,-0.2046294076264745,-0.5162420424745328,2020,1
-0.021208274244911243,0.6909095967498439,0.22232440473525125,-0.2046294076264745,0.5206538653479917,1357,0
-0.6825306682201039,-0.9352144109881817,0.40786757454076356,-0.2046294076264745,-1.1630860475603275,626,2
-0.6748639558585242,-1.4959468274495697,-0.2201246924932781,-0.2046294076264745,0.26592734892167647,645,2
-0.861671616883087,0.6348363551037051,2.063483551266873,-0.2046294076264745,0.15005952540903733,308,2
-0.13501103586211008,-0.31840875288065473,1.5068540418503364,-0.2046294076264745,1.1415818234527064,1264,0
-0.03472770006108971,-1.2716538608650145,1.9350305875553648,-0.2046294076264745,-1.2639302616596773,1344,0
0.6969983873416454,-1.0473608942804593,0.3793224714937617,-0.2046294076264745,0.8741256526627139,1817,1
-0.9294398779363362,-0.9912876526343205,-1.2477484021853462,-0.2046294076264745,-0.9436823333856506,184,2
0.4761354638181012,-1.3838003441572921,0.80749901719879,-0.2046294076264745,-1.1002126912061287,1726,1
-0.01805944595354809,1.307715254857371,1.4925814903268355,-0.2046294076264745,0.17716617098409984,1361,0
-0.9322122158885146,0.2983969052268722,0.07959888950024178,-0.2046294076264745,0.06703580104073735,177,2
-0.5965881917025743,-0.7669946860497653,-1.5617445357023672,-0.2046294076264745,0.44614651325000926,756,0
-0.5412441118424207,-1.2155806192188758,-1.2620209537088471,-0.2046294076264745,-0.9091703698316379,837,0
-0.843531627813278,-1.4959468274495697,-0.5198482744867979,-0.2046294076264745,-1.124612264547029,350,2
-0.46642521352807587,-1.159507377572737,-0.26294234706378095,-0.2046294076264745,-0.3112743362518911,915,0
-1.0101799424942226,1.0273490466266768,-1.2477484021853462,-0.2046294076264745,-0.056932711612423255,13,2
-0.9413506632123618,1.0834222882728155,-0.24866979554028,-0.2046294076264745,0.6590789135151532,162,2
-0.5846774064265486,0.6909095967498439,-1.1478405415208397,-0.2046294076264745,0.25339783828716,777,0
-0.8592757692700934,0.5787631134575663,-0.7339365473393122,-0.2046294076264745,-0.9110486417514548,316,2
-0.18433127029530802,0.6909095967498439,-1.019387577809331,-0.2046294076264745,2.211683628699207,1220,0
-0.22639550910058248,0.8591293216882603,-0.33430510468128566,-0.2046294076264745,0.17378168920508538,1178,0
-0.41963773228575674,-0.31840875288065473,-1.2192032991383444,-0.2046294076264745,-0.9406981390649579,973,0
1.591813244400306,1.0834222882728155,1.7780325207968544,-0.2046294076264745,-1.2589394981568849,2056,1
-0.9022983471205653,0.6909095967498439,-1.1621130930443406,-0.2046294076264745,-0.5224875532024486,238,2
-0.9641796683247443,-1.1034341359265982,-0.9622973717153274,-0.2046294076264745,-0.8032532819816354,103,2
-0.6713386372279765,0.07410393864231694,1.1357677022393118,-0.2046294076264745,-0.5288331357949447,656,2
0.040262330225611924,-0.9912876526343205,-1.105022886950337,-0.2046294076264745,0.8855133176629151,1424,1
-0.13709884592486155,0.8030560800421215,2.477387545448401,-0.2046294076264745,0.7280361260467915,1263,0
1.5371879188240505,-1.3277271025111534,-0.791026753433316,-0.2046294076264745,-0.8759182853932402,2044,1
-0.7380801064470855,-1.2155806192188758,0.5220479867287712,-0.2046294076264745,-1.2383195621628296,551,2
0.6137940223818227,-1.2155806192188758,0.9644970839573005,-0.2046294076264745,-1.0158469774743533,1784,1
0.07685034591547224,-1.2155806192188758,0.1509616471177465,-0.2046294076264745,-0.2660777766949856,1451,1
0.122302997773409,1.307715254857371,-1.2049307476148434,-0.2046294076264745,1.4151577736535779,1490,1
-0.9835175812010503,0.13017718028845576,1.10722259919231,-0.2046294076264745,0.6896957721862668,60,2
0.4069296941970559,-0.6548482027574877,-0.6625737897218075,-0.2046294076264745,-1.0752537418016768,1674,1
-0.680100594212639,1.7002279463803425,-0.6625737897218075,-0.2046294076264745,0.1430211376002152,634,2
-0.9566840879355214,0.7469828383959827,-1.019387577809331,-0.2046294076264745,0.23283691903375472,122,2
-0.2824583432446341,0.07410393864231694,-0.07739917725826863,-0.2046294076264745,-0.29681523479264493,1122,0
-0.27068446354649384,0.971275804980538,-0.24866979554028,-0.2046294076264745,2.2468499082908613,1134,0
0.151361206679575,-0.0941157862960995,-0.4342129653457923,-0.2046294076264745,-0.2447701673750955,1511,1
1.3494219187542902,-1.439873585803431,-0.8338444080038188,-0.2046294076264745,-1.0337649731247378,2001,1
-0.8461670601875709,-0.7109214444036265,-0.9765699232388283,-0.2046294076264745,1.2010732639731365,342,2
0.488662324194611,1.868447671318759,-1.3762013658968548,-0.2046294076264745,0.0025151078388304894,1732,1
0.004701106369891598,-0.31840875288065473,-0.9622973717153274,-0.2046294076264745,-0.9576513393029774,1383,0
-1.0119939414012034,1.1955687715650931,0.7218637080577844,-0.2046294076264745,1.6693172161806045,10,2
-0.4251139554011709,-0.7669946860497653,0.5934107443462758,-0.2046294076264745,1.0171873638887678,966,0
0.4829465163178975,-1.2716538608650145,-0.6625737897218075,-0.2046294076264745,-0.8440030584278269,1730,1
0.7597011420131365,1.4759349797957872,-1.1335679899973388,-0.2046294076264745,-0.244818920334763,1846,1
1.5094645393022665,0.2983969052268722,0.06532633797674084,-0.2046294076264745,2.3706490685578085,2034,1
-0.501473041466726,1.0834222882728155,-1.1621130930443406,-0.2046294076264745,-0.7587238681885994,881,0
-0.7594373765972005,0.35447014687301104,0.40786757454076356,-0.2046294076264745,0.8334862118620857,508,2
0.5026609195333881,-0.9912876526343205,-1.4618366750378604,-0.2046294076264745,0.07984243376178418,1738,1
-1.0006650048311905,0.41054338851914984,2.234754169548885,-0.2046294076264745,1.5781722751098175,29,2
-0.6846184782828556,0.18625042193459457,0.10814399254724368,-0.2046294076264745,1.88696325786201,621,2
-0.13932356156549863,-1.0473608942804593,-0.6911188927688093,-0.2046294076264745,-0.6625778998340378,1261,0
1.4963900566142156,0.18625042193459457,2.434569890877898,-0.2046294076264745,0.2895904959770744,2028,1
-0.7303107149020918,-0.31840875288065473,0.32223226539975786,-0.2046294076264745,2.174028382219271,563,2
-0.3257205058564053,0.18625042193459457,-0.7196639958158112,-0.2046294076264745,0.5988048596947996,1072,0
-0.4882958795952608,-1.1034341359265982,-0.9480248201918264,-0.2046294076264745,-0.9478930495337647,896,0
0.62933280547181,0.7469828383959827,2.2490267210723855,-0.2046294076264745,0.2640619067280877,1787,1
-0.42692795430815184,-1.3838003441572921,1.3213108720448241,-0.2046294076264745,-1.205241962001136,964,0
-0.07552556227092466,0.46661663016528865,1.6923972116558488,-0.2046294076264745,0.30785746018086757,1308,0
-0.3095998740604052,0.8591293216882603,0.19377930168824936,-0.2046294076264745,0.7645238674399557,1088,0
-0.550485238349682,-0.7669946860497653,-1.5046543296083634,-0.2046294076264745,0.28628042661018405,817,0
-0.9287553500469095,-0.7109214444036265,-1.2334758506618453,-0.2046294076264745,0.6056379718839694,186,2
0.07476253585272057,-0.8791411693420429,-0.7196639958158112,-0.2046294076264745,-0.7049006007158135,1449,1
-0.39441287956038074,0.35447014687301104,0.25086950778225314,-0.2046294076264745,-0.5291359173339316,1000,0
1.433961113098495,-0.03804254464996068,1.7352148662263516,-0.2046294076264745,0.48084835675220006,2015,1
-0.25565907637357643,1.1394955299189544,0.4364126775877655,-0.2046294076264745,0.5791266256058981,1151,0
-0.7457468188086653,1.307715254857371,0.6790460534872815,-0.2046294076264745,-0.026462111820311718,538,2
1.0082532186639932,0.41054338851914984,0.293687162352756,-0.2046294076264745,1.2069210531879762,1922,1
-0.33359257658481306,0.41054338851914984,-0.16303448639927431,-0.2046294076264745,-0.1856405251343025,1065,0
-0.0005355319842230219,1.5880814630880649,-0.5626659290573008,-0.2046294076264745,0.42458744129604553,1379,0
0.16498331167916758,0.35447014687301104,0.3650499199702607,-0.2046294076264745,-0.9259978387526204,1523,1
0.1582064855738426,1.0273490466266768,-0.3200325531577847,-0.2046294076264745,0.3522380491496559,1515,1
-0.9622287638398781,-1.1034341359265982,0.22232440473525125,-0.2046294076264745,-1.097687801084408,106,2
-0.4639609131261395,-0.20626226958837712,0.4506852291112664,-0.2046294076264745,0.8886412049173644,917,0
-0.8951450306760556,-1.2716538608650145,1.635307005561845,-0.2046294076264745,-0.9033174487263069,254,2
0.1959581986757285,1.6441547047342038,1.0215872900513043,-0.2046294076264745,-0.3184050980895566,1550,1
-0.8873071863421192,-0.26233551123451593,-0.03458152268776579,-0.2046294076264745,1.0305456748376294,271,2
-0.8355911042959274,0.24232366358073337,-0.9194797171448245,-0.2046294076264745,-0.740518486670702,363,2
-0.9732496628596489,-1.2155806192188758,-0.8052993049568169,-0.2046294076264745,-1.2574255904619505,87,2
-0.3696671963576033,-1.3277271025111534,-0.8481169595273198,-0.2046294076264745,0.8579627635603552,1026,0
-0.14490246386432673,1.9805941546110366,-1.319111159802851,-0.2046294076264745,0.3020584239256951,1255,0
-0.2298181485477163,0.35447014687301104,-0.9052071656213235,-0.2046294076264745,1.1313077786891181,1174,0
-0.20507246534493886,0.9152025633343992,0.46495778063476734,-0.2046294076264745,1.7144829843945624,1201,0
0.7362218354057987,0.41054338851914984,-1.333383711326352,-0.2046294076264745,0.00203271013264798,1836,1
-0.5006858343938851,0.5226898718114275,-0.9480248201918264,-0.2046294076264745,0.8320441506340294,883,0
-0.7278121881056842,-1.1034341359265982,0.5363205382522721,-0.2046294076264745,-0.9786612989743718,566,2
0.5024897875610316,0.6909095967498439,-0.8338444080038188,-0.2046294076264745,0.2436369825727017,1737,1
-0.8271714112559784,-1.159507377572737,-0.4627580683927942,-0.2046294076264745,0.4961516541972657,383,2
-0.8308336354644115,-0.20626226958837712,2.2204816180253837,-0.2046294076264745,0.7220138525552476,378,2
0.3288592884079339,-1.0473608942804593,-0.41994041382229136,-0.2046294076264745,-0.8581491145671035,1642,1
-0.8170403984924622,-0.8230679276959041,-1.333383711326352,-0.2046294076264745,-0.13790881167469343,408,2
0.7458394522522449,-0.9912876526343205,-0.9052071656213235,-0.2046294076264745,1.0664663423315046,1840,1
0.11805892485896306,0.8030560800421215,-0.20585214096977716,-0.2046294076264745,1.1895778292726176,1486,1
-0.40974630428354014,-1.439873585803431,0.7646813626282872,-0.2046294076264745,-1.2804575149869184,982,0
-0.7837038902773791,0.24232366358073337,0.3079597138762569,-0.2046294076264745,-0.10133639408842247,465,2
-0.19723462101100248,-0.6548482027574877,-1.2620209537088471,-0.2046294076264745,0.6913405430887294,1208,0
-0.44260364297602456,1.0834222882728155,1.7209423147028506,-0.2046294076264745,0.6080191690719341,944,0
0.6061957628091856,0.07410393864231694,2.3489345817368923,-0.2046294076264745,0.8675696625600745,1780,1
0.5272354707638088,-0.8791411693420429,-0.23439724401677905,-0.2046294076264745,0.9959028480760884,1750,1
-0.1841601383229514,-0.31840875288065473,-1.0907503354268357,-0.2046294076264745,-0.13770353605504126,1221,0
-0.9990563642910377,-0.37448199452679354,0.6362283989167787,-0.2046294076264745,0.1915098049072916,32,2
0.4703512031524451,0.5787631134575663,-0.5912110321043027,-0.2046294076264745,-0.7723567352787458,1720,1
-0.5814258989517715,-1.3838003441572921,0.7218637080577844,-0.2046294076264745,-1.043512999112968,781,0
-0.9395708906998523,0.13017718028845576,-0.3771227592517885,-0.2046294076264745,1.3915382476673561,166,2
0.8495454275003989,-0.9912876526343205,-1.1192954384738378,-0.2046294076264745,-0.06502826886245378,1874,1
-0.9461765848328206,0.5787631134575663,-1.1763856445678416,-0.2046294076264745,1.1449201182172992,147,2
0.43081971753804965,0.2983969052268722,-0.5483933775337999,-0.2046294076264745,0.0872323560692603,1690,1
-0.5324137020688156,-1.4959468274495697,-0.14876193487577336,-0.2046294076264745,-0.9154774632454492,847,0
-0.6280764746162052,-1.439873585803431,-0.9622973717153274,-0.2046294076264745,-0.8983472127854799,708,0
-0.07419073288654233,1.5320082214419262,-0.7482090988628132,-0.2046294076264745,0.2662455261321372,1312,0
1.0029139011264643,-0.9912876526343205,-1.3762013658968548,-0.2046294076264745,-1.0934103703599067,1921,1
-0.49709206297439473,-0.15018902794223832,0.80749901719879,-0.2046294076264745,1.0336530345301134,887,0
0.3358072464856154,-0.0941157862960995,-0.020308971164264843,-0.2046294076264745,0.3367936247160794,1646,1
1.0867001147922997,-1.0473608942804593,0.293687162352756,-0.2046294076264745,-1.2570124732774006,1941,1
-0.3074778376031822,-1.439873585803431,-1.276293505232348,-0.2046294076264745,-1.2533149461784168,1091,0
-0.2640103166245829,0.6909095967498439,0.46495778063476734,-0.2046294076264745,-0.851983148141803,1143,0
-0.05540044232177774,-0.5987749611113489,0.32223226539975786,-0.2046294076264745,-0.1734471533269667,1327,0
-0.8205657171230101,0.7469828383959827,-0.3200325531577847,-0.2046294076264745,-0.3778041645811432,403,2
-0.9144487171578901,-0.7109214444036265,-0.5912110321043027,-0.2046294076264745,1.6340996176840377,217,2
0.4340369986183556,-1.2716538608650145,-0.04885407421126674,-0.2046294076264745,0.09702143718142091,1692,1
-0.23703991778116856,1.251642013211232,-0.04885407421126674,-0.2046294076264745,1.1508243582275433,1169,0
-0.788872075842551,1.0273490466266768,-1.019387577809331,-0.2046294076264745,2.3855597763802896,456,2
-0.043695015412580286,0.46661663016528865,-0.06312662573476768,-0.2046294076264745,1.1867912127358404,1337,0
-0.6125376915262177,-0.6548482027574877,2.520205200018904,-0.2046294076264745,-1.119803683156678,732,0
-0.2612379786724045,-0.9912876526343205,2.234754169548885,-0.2046294076264745,-1.0079053769390618,1147,0
-0.1552046086001994,-1.0473608942804593,0.7504088111047863,-0.2046294076264745,-0.9054805405683911,1244,0
-0.8173484360427044,1.4759349797957872,-0.06312662573476768,-0.2046294076264745,-0.8528273441276223,407,2
-0.3524513199385203,-0.7109214444036265,0.6505009504402797,-0.2046294076264745,2.4070470018673755,1042,0
0.46504611200938767,-0.37448199452679354,1.5924893509913423,-0.2046294076264745,0.32199581848440717,1716,1
-0.40865105966045734,0.8030560800421215,-0.8623895110508207,-0.2046294076264745,-1.0202988924755587,983,0
-0.2076052185358179,0.24232366358073337,-0.06312662573476768,-0.2046294076264745,2.2857342425434637,1199,0
0.17104138350059434,-1.1034341359265982,2.177663963454881,-0.2046294076264745,-0.9528376260221352,1531,1
0.7530612214856969,-0.7669946860497653,-1.361928814373354,-0.2046294076264745,1.5889287175795885,1844,1
-0.8947000875479282,0.41054338851914984,-0.6197561351513046,-0.2046294076264745,-1.2625420852817795,255,2
-0.8595153540313927,-0.15018902794223832,-1.2192032991383444,-0.2046294076264745,-0.16558509709429042,315,2
-0.308675761409679,0.46661663016528865,-1.5331994326553653,-0.2046294076264745,-0.8787177316562459,1089,0
-0.33526966991390866,-0.0941157862960995,2.3632071332603934,-0.2046294076264745,0.6314821723981713,1063,0
0.03502569187149711,0.971275804980538,-0.41994041382229136,-0.2046294076264745,-0.6352993359275165,1417,0
-0.9501126201970244,-0.9912876526343205,0.3507773684467598,-0.2046294076264745,-1.1978417759126772,136,2
-0.20907695349808547,1.9245209129648977,-0.10594428030527052,-0.2046294076264745,-0.41688094472716986,1197,0
-1.0176755228834455,-0.31840875288065473,0.2365969562587522,-0.2046294076264745,0.5247722074672625,1,2
-0.9698954762014579,-1.2155806192188758,-0.5483933775337999,-0.2046294076264745,-0.9021679052562549,98,2
-0.2235204919649901,-0.6548482027574877,0.4792303321582683,-0.2046294076264745,-0.23791139573346914,1183,0
0.0680199361418669,-0.03804254464996068,-0.2201246924932781,-0.2046294076264745,0.28847430979521616,1443,1
-0.7632022799890475,-0.0941157862960995,2.3346620302133916,-0.2046294076264745,-0.4269959008855281,498,2
-0.7962649770483602,-0.8791411693420429,-0.7482090988628132,-0.2046294076264745,1.314213487689648,442,2
-1.0172305797553183,-0.5987749611113489,0.7504088111047863,-0.2046294076264745,0.9126533205261711,2,2
0.22751493437830203,1.0273490466266768,-0.8338444080038188,-0.2046294076264745,0.7914816881907705,1569,1
-0.2566858682077166,-0.31840875288065473,-0.4484855168692932,-0.2046294076264745,2.399913674084464,1150,0
1.1656946332321478,0.18625042193459457,-0.791026753433316,-0.2046294076264745,0.14942573693336134,1962,1
-0.19319590646338458,-0.7669946860497653,-0.16303448639927431,-0.2046294076264745,-0.9988142329337187,1211,0
-0.4329517997351073,0.35447014687301104,-1.105022886950337,-0.2046294076264745,0.25994613055406274,959,0
-0.889908392321941,-0.9912876526343205,-0.14876193487577336,-0.2046294076264745,-1.2064197308688902,265,2
-0.9305693489538904,1.307715254857371,-1.4475641235143595,-0.2046294076264745,-0.20063077725939854,182,2
1.6844298678397465,-0.26233551123451593,-0.3628502077282876,-0.2046294076264745,2.2669232979475926,2074,1
1.743196587147034,-1.1034341359265982,-1.5474719841788662,-0.2046294076264745,-1.2858562637837692,2085,1
0.22984232920235304,-1.1034341359265982,-0.9480248201918264,-0.2046294076264745,-1.018220476826581,1571,1
0.6611291259356831,-1.0473608942804593,-0.07739917725826863,-0.2046294076264745,0.921387798142369,1801,1
0.04662843959728064,0.24232366358073337,1.1214951507158109,-0.2046294076264745,-1.2771936326344497,1428,1
-0.7277437353167414,0.35447014687301104,-1.019387577809331,-0.2046294076264745,-0.13236893588933182,567,2
0.03454652234889843,1.0834222882728155,-0.8052993049568169,-0.2046294076264745,-1.0396846088064557,1416,0
0.12326133681860657,-0.4866284778190712,-0.7339365473393122,-0.2046294076264745,1.0583605213004914,1491,1
0.2547249179830157,1.1955687715650931,-0.8052993049568169,-0.2046294076264745,2.1085146682072975,1586,1
0.7024746104570594,-1.0473608942804593,0.3079597138762569,-0.2046294076264745,-1.2245199086317158,1818,1
-0.6634665664995687,-0.4866284778190712,-1.2192032991383444,-0.2046294076264745,0.4955332613930637,665,2
-0.7811369106920287,-0.8230679276959041,0.6076832958697769,-0.2046294076264745,1.0695916636407081,468,2
-0.6409113725429569,0.6348363551037051,-0.8195718564803178,-0.2046294076264745,0.9047322475528452,688,2
-0.07532020390409662,-0.9352144109881817,-1.5046543296083634,-0.2046294076264745,-0.039994907045877895,1309,0
-0.15695015471823762,0.971275804980538,-0.24866979554028,-0.2046294076264745,1.7148781399623925,1243,0
0.12463039259746,0.8030560800421215,1.1500402537628127,-0.2046294076264745,0.5628020819530634,1495,1
-0.839287554898832,-0.9912876526343205,-0.4627580683927942,-0.2046294076264745,-0.5018188642487257,357,2
-0.5349122288652232,0.07410393864231694,-0.6054835836278036,-0.2046294076264745,-1.0504128258785246,843,0
-0.2941979965483031,0.2983969052268722,1.2214030113803176,-0.2046294076264745,1.8370479249983518,1104,0
0.036189389283522715,0.8591293216882603,-1.3762013658968548,-0.2046294076264745,-0.24705129269847975,1418,1
-0.6374545067013518,-1.3277271025111534,0.8788617748162948,-0.2046294076264745,-1.003112191220185,694,2
1.293187952637882,0.9152025633343992,0.564865641299274,-0.2046294076264745,-0.8263467891924989,1992,1
-0.9170499231377118,-1.0473608942804593,-1.1621130930443406,-0.2046294076264745,-1.0401875340746034,213,2
0.013942232877153014,1.251642013211232,0.6219558473932778,-0.2046294076264745,-1.057861764926651,1394,0
-0.010426959986439657,0.8591293216882603,-0.6483012381983065,-0.2046294076264745,0.5804557852431457,1368,0
-0.654499251148078,0.41054338851914984,0.6362283989167787,-0.2046294076264745,1.100708881634724,675,2
0.28703463436395876,-0.4866284778190712,-0.5769384805808018,-0.2046294076264745,0.17589089619701098,1609,1
-0.9993986282357511,-0.26233551123451593,-1.2334758506618453,-0.2046294076264745,0.08241864278841828,30,2
-0.30313108550532225,0.18625042193459457,1.1928579083333157,-0.2046294076264745,1.0231377909134332,1096,0
0.7671967224023594,0.13017718028845576,-1.2192032991383444,-0.2046294076264745,-0.0930099017662834,1851,1
0.994973377609114,-0.6548482027574877,0.20805185321175032,-0.2046294076264745,0.8522920245674653,1915,1
-0.5167722397954141,-1.3838003441572921,2.191936514978382,-0.2046294076264745,-0.9092909692581835,862,0
-0.8225166216078763,-0.9912876526343205,-0.5483933775337999,-0.2046294076264745,-1.029662026676941,400,2
-0.009879337674898358,1.81237442967262,-0.26294234706378095,-0.2046294076264745,-0.7290538433131311,1369,0
1.9976698300414322,-0.7669946860497653,-0.8623895110508207,-0.2046294076264745,-0.7250099136059843,2125,1
-0.4622838197970439,1.0834222882728155,-1.4332915719908585,-0.2046294076264745,0.5109802517718857,919,0
-0.8265895625499655,-0.7669946860497653,-0.6054835836278036,-0.2046294076264745,2.0918822111249846,388,2
0.776574754487506,-0.31840875288065473,0.7932264656752891,-0.2046294076264745,0.8157940193933184,1854,1
0.8137103924889079,-1.2155806192188758,-0.13448938335227242,-0.2046294076264745,-1.1448216493017802,1860,1
-0.8242279413314433,0.018030696996178132,0.9359519809102986,-0.2046294076264745,0.7349744419910331,394,2
-0.5534971610631597,1.4759349797957872,1.9778482421258676,-0.2046294076264745,-0.10346612864231326,814,0
-0.8575644495465264,-0.15018902794223832,0.836044120245792,-0.2046294076264745,0.3065359983793569,318,2
-0.5941923440895805,0.9152025633343992,1.4354912842328318,-0.2046294076264745,0.48652935952607257,759,0
1.729232218202728,-1.439873585803431,0.7932264656752891,-0.2046294076264745,-0.8056575726768108,2083,1
-0.3576537318981637,1.0834222882728155,-0.14876193487577336,-0.2046294076264745,-0.7207427466624658,1036,0
0.8346569459053668,0.18625042193459457,0.5934107443462758,-0.2046294076264745,0.2498722295196349,1869,1
-0.9497361298578396,1.81237442967262,-0.47703061991629514,-0.2046294076264745,-0.31922106867767386,137,2
-0.8956242001986543,-0.26233551123451593,0.19377930168824936,-0.2046294076264745,1.5482661832717495,251,2
-0.08356876497168897,0.35447014687301104,0.7646813626282872,-0.2046294076264745,-0.7470051962517089,1304,0
1.2519793736943912,1.251642013211232,0.3935950230172626,-0.2046294076264745,0.20113209957848474,1987,1
0.1581380327849,0.6909095967498439,-0.7053914442923103,-0.2046294076264745,-0.47079658622879905,1514,1
-0.7606010740092259,1.81237442967262,2.092028654313875,-0.2046294076264745,-0.9421068430048206,506,2
0.4003924528530302,-0.7109214444036265,-0.6483012381983065,-0.2046294076264745,0.5490563132721084,1670,1
-0.7217198898897859,-0.6548482027574877,0.6647735019637806,-0.2046294076264745,0.9447635593302542,576,2
-0.9705115513019418,0.018030696996178132,-0.6625737897218075,-0.2046294076264745,0.4710490118590571,95,2
-0.802015011319545,-1.2155806192188758,0.06532633797674084,-0.2046294076264745,-1.1087726845456223,427,2
1.0562728501072802,-0.8791411693420429,-1.105022886950337,-0.2046294076264745,1.1688757830307017,1933,1
-1.0034715691778402,-0.9912876526343205,0.1795067501647484,-0.2046294076264745,-0.9575307398764318,23,2
-0.029593740890389013,1.1955687715650931,-0.33430510468128566,-0.2046294076264745,-0.22764504880561745,1350,0
0.14044298684321818,-1.4959468274495697,0.7075911565342834,-0.2046294076264745,-1.0201038806368892,1506,1
-0.6842762143381421,1.3637884965035096,0.5220479867287712,-0.2046294076264745,0.7112214868520373,622,2
-0.9242716923711641,0.5226898718114275,-1.333383711326352,-0.2046294076264745,-0.3679047478234197,197,2
-0.046159315814516516,0.35447014687301104,0.9930421870043024,-0.2046294076264745,-0.41924418029841487,1336,0
-0.7579314152404616,-1.2716538608650145,-0.7196639958158112,-0.2046294076264745,-1.1414628269752223,511,2
0.9817962157376487,1.6441547047342038,-0.6197561351513046,-0.2046294076264745,-0.47697794832557355,1908,1
0.46042554875575714,-1.4959468274495697,0.6076832958697769,-0.2046294076264745,-1.1378961630837667,1714,1
-0.5582546298946757,0.8030560800421215,0.6505009504402797,-0.2046294076264745,2.4989694243475946,806,0
-0.8077308191962583,-1.0473608942804593,-0.47703061991629514,-0.2046294076264745,0.15189417625967805,423,2
-0.976501170334426,-1.1034341359265982,-1.3904739174203558,-0.2046294076264745,-0.8381886265011805,81,2
-0.28889290540524565,-1.1034341359265982,-0.8052993049568169,-0.2046294076264745,-1.1381630213893146,1110,0
-0.8992179716181448,-0.7669946860497653,-0.6768463412453084,-0.2046294076264745,-0.5909546701921675,244,2
0.13014084210734547,-1.159507377572737,0.32223226539975786,-0.2046294076264745,-1.0070021642125926,1500,1
0.4322914525003172,-0.0941157862960995,-0.6340286866748056,-0.2046294076264745,0.8367398304335714,1691,1
-0.2629835247904428,-0.15018902794223832,-1.2620209537088471,-0.2046294076264745,-0.20920360032512017,1146,0
1.4364938662893743,-1.2716538608650145,0.2651420593057541,-0.2046294076264745,-1.179964835386223,2017,1
0.3712315647634503,-0.15018902794223832,-0.1915795894462762,-0.2046294076264745,1.38255487336233,1654,1
0.44553706716072505,0.13017718028845576,-1.290566056755849,-0.2046294076264745,-0.4670990591298153,1702,1
0.4071692789583552,-1.0473608942804593,-0.7482090988628132,-0.2046294076264745,1.177117599159734,1675,1
-0.9438149636142983,-0.9352144109881817,-1.276293505232348,-0.2046294076264745,-1.0420735038301572,153,2
0.3286539300411059,0.5787631134575663,0.3079597138762569,-0.2046294076264745,1.2887310854550829,1641,1
-0.05389448096503888,-1.1034341359265982,2.134846308884378,-0.2046294076264745,-1.2542104610691494,1329,0
-0.1978506961114866,1.4198617381496486,-0.9908424747623292,-0.2046294076264745,-0.9329284568611251,1207,0
-0.2047302014002255,-1.0473608942804593,-1.4761092265613613,-0.2046294076264745,0.9799221410861707,1202,0
0.5532133041675545,1.0834222882728155,-0.14876193487577336,-0.2046294076264745,-1.053915341138839,1760,1
-0.3462563425392081,-0.20626226958837712,-0.776754201909815,-0.2046294076264745,0.616627915371095,1049,0
0.16159489862650508,0.7469828383959827,-1.347656262849853,-0.2046294076264745,0.5988921018331516,1517,1
-0.5751282423690453,-1.2155806192188758,0.06532633797674084,-0.2046294076264745,-1.1529197724970563,786,0
-0.9621945374454068,-1.3277271025111534,1.4354912842328318,-0.2046294076264745,-1.1304241305284297,107,2
-0.0706311878615233,0.07410393864231694,1.5353991448973383,-0.2046294076264745,0.8911378696413832,1316,0
-0.9742080019048465,0.35447014687301104,-1.105022886950337,-0.2046294076264745,0.24710357459957694,85,2
-0.3375970647379596,-1.2716538608650145,0.9359519809102986,-0.2046294076264745,-1.1084391116636876,1055,0
1.3240259340565574,-0.8791411693420429,-0.6197561351513046,-0.2046294076264745,0.293849965084856,1996,1
-0.8616031640941443,-1.0473608942804593,-1.3762013658968548,-0.2046294076264745,-1.1723491098971297,309,2
1.588356378558701,-1.439873585803431,-1.319111159802851,-0.2046294076264745,-1.2732626045181117,2055,1
0.1154234924846701,-0.15018902794223832,0.03678123492973895,-0.2046294076264745,-1.09537331847283,1481,1
1.0443962912257259,0.8591293216882603,0.7646813626282872,-0.2046294076264745,0.5912584147273384,1928,1
-0.7993111261563092,0.6909095967498439,1.4640363872798337,-0.2046294076264745,-1.0480213649095773,435,2
-0.822379716029991,-0.9352144109881817,-0.47703061991629514,-0.2046294076264745,-1.0812683174574838,401,2
-0.6948521702297856,-0.9352144109881817,0.3507773684467598,-0.2046294076264745,-1.1615208209604801,609,2
-0.48634497511039454,-1.439873585803431,-0.791026753433316,-0.2046294076264745,-1.2787768208510166,899,0
0.012778535465127413,0.13017718028845576,-0.2201246924932781,-0.2046294076264745,1.3946276457431204,1390,0
-0.5522307844677202,1.6441547047342038,-0.776754201909815,-0.2046294076264745,-0.18692606370237394,815,0
-1.0037453803336112,-1.0473608942804593,-0.8052993049568169,-0.2046294076264745,-0.9452501259307438,22,2
0.45039721517565506,-0.8791411693420429,-0.17730703792277525,-0.2046294076264745,-0.02405782112513629,1706,1
-0.5445982985006118,0.8591293216882603,-0.3771227592517885,-0.2046294076264745,0.8111804498416372,831,0
-0.9057209865676992,-1.3277271025111534,-1.3048386082793502,-0.2046294076264745,-1.071938540544295,229,2
-0.7573153401399775,-0.8230679276959041,-0.5626659290573008,-0.2046294076264745,1.6603928586162284,512,2
-0.9321095367051007,-1.439873585803431,-1.347656262849853,-0.2046294076264745,-0.8906647727199993,178,2
0.1138148519445173,-0.4866284778190712,-1.3048386082793502,-0.2046294076264745,0.3509986975960062,1479,1
-0.49322448039913347,-0.4305552361729324,-1.4761092265613613,-0.2046294076264745,0.12995791035460344,891,0
-0.27397019741574224,-0.9912876526343205,0.008236131882737053,-0.2046294076264745,-0.8858510594391572,1131,0
-0.5680433787134783,0.46661663016528865,-0.8623895110508207,-0.2046294076264745,-0.5529632848850514,794,0
-0.7843541917723345,1.251642013211232,-1.0051150262858302,-0.2046294076264745,0.40282052777718386,463,2
0.5919918091035804,0.6909095967498439,0.10814399254724368,-0.2046294076264745,1.887812585738321,1773,1
0.30014334344648136,-0.37448199452679354,2.134846308884378,-0.2046294076264745,0.018139148439602543,1618,1
-0.7630311480166909,-1.0473608942804593,0.1795067501647484,-0.2046294076264745,-1.269549681747654,499,2
0.18610099706798297,-0.9912876526343205,1.4212187327093309,-0.2046294076264745,-0.0684486738749072,1545,1
-0.07456722322572709,-1.1034341359265982,-0.10594428030527052,-0.2046294076264745,-0.8764904911830205,1310,0
-0.7075159361841807,1.0273490466266768,-0.9052071656213235,-0.2046294076264745,-0.3123674289265387,587,2
-0.31285138153518227,1.6441547047342038,-0.9052071656213235,-0.2046294076264745,-0.37523565339024595,1082,0
-0.619143385659186,0.35447014687301104,1.3213108720448241,-0.2046294076264745,-0.16242641849689332,721,0
-0.7055992580937858,0.13017718028845576,-0.6054835836278036,-0.2046294076264745,-1.1407623239231597,591,2
0.6559609403705111,-0.0941157862960995,-1.1906581960913425,-0.2046294076264745,0.12362259154309001,1799,1
0.3998790569359602,0.7469828383959827,-0.16303448639927431,-0.2046294076264745,1.949128413328409,1669,1
0.059805601468745855,-0.8230679276959041,0.33650481692325884,-0.2046294076264745,0.3739870010517978,1435,1
-0.9216362599968713,0.018030696996178132,2.0063933451728695,-0.2046294076264745,0.969717376844215,201,2
0.5421239523588409,1.307715254857371,-1.4190190204673576,-0.2046294076264745,1.6976478176378427,1754,1
-0.06994665997209638,-0.54270171946521,-1.1192954384738378,-0.2046294076264745,1.7938707643497738,1317,0
-0.8310732202257108,0.41054338851914984,0.06532633797674084,-0.2046294076264745,-0.41515149763160064,376,2
-0.9163653952482851,1.307715254857371,-0.8052993049568169,-0.2046294076264745,0.7034723322101698,214,2
-0.563354362670905,-0.54270171946521,0.33650481692325884,-0.2046294076264745,0.9570980581261009,801,0
-0.9696901178346299,1.251642013211232,-1.361928814373354,-0.2046294076264745,0.723358407863969,100,2
0.5841197383751726,1.3637884965035096,0.46495778063476734,-0.2046294076264745,-0.10350974971148935,1769,1
-0.17810206650152455,-1.2155806192188758,0.10814399254724368,-0.2046294076264745,-0.8297287050262676,1224,0
-0.7326381097261428,0.13017718028845576,1.0358598415748053,-0.2046294076264745,2.254388655422585,559,2
0.1148758701731288,0.9152025633343992,0.5934107443462758,-0.2046294076264745,1.924410662777048,1480,1
-0.8220032256908063,-1.159507377572737,0.8217715687222911,-0.2046294076264745,-1.115746923723303,402,2
-0.4794996962161269,-0.0941157862960995,0.564865641299274,-0.2046294076264745,0.6229401406753975,905,0
-0.23053690283161432,0.07410393864231694,-1.361928814373354,-0.2046294076264745,0.8322494262536813,1171,0
0.028283092160643626,1.5320082214419262,-0.4484855168692932,-0.2046294076264745,-0.9411805367711403,1410,0
-0.6206151206214535,-0.9912876526343205,0.3507773684467598,-0.2046294076264745,-0.8768574213531486,719,0
0.8216166896117871,-1.439873585803431,0.7932264656752891,-0.2046294076264745,-0.8486499852677017,1862,1
0.8231911037574684,-0.9912876526343205,1.892212932984862,-0.2046294076264745,0.20389049071756007,1865,1
-0.26770676722748743,-0.15018902794223832,-1.3762013658968548,-0.2046294076264745,-0.23251777882710958,1138,0
-0.8078677247741437,0.6909095967498439,-1.4332915719908585,-0.2046294076264745,0.8344279137672398,422,2
-0.817622247198475,-0.9912876526343205,1.0215872900513043,-0.2046294076264745,0.5512322348404207,406,2
0.8230541981795831,0.971275804980538,0.6505009504402797,-0.2046294076264745,-0.02690345440256384,1864,1
-0.4127924533914892,-1.159507377572737,1.649579557085346,-0.2046294076264745,-0.21184908987338696,979,0
1.4447082009624952,-1.439873585803431,1.0073147385278034,-0.2046294076264745,-1.1348965730916,2018,1
-0.4601275569453496,-1.0473608942804593,1.392673629662329,-0.2046294076264745,-0.853219933750207,921,0
-0.1875827777700852,-0.15018902794223832,-0.3771227592517885,-0.2046294076264745,-0.11306532980629548,1218,0
-0.02202970771222319,-0.20626226958837712,-0.2772148985872819,-0.2046294076264745,-0.3684205028177956,1355,0
-0.825323185954526,-0.15018902794223832,0.46495778063476734,-0.2046294076264745,0.46129585398033573,392,2
-0.3486179637577304,-0.31840875288065473,0.9502245324337996,-0.2046294076264745,1.7741566070274335,1046,0
-0.790275358015876,-0.4866284778190712,-1.0764777839033348,-0.2046294076264745,-1.264682083616653,452,2
-0.36538889704868605,-0.9352144109881817,-1.1335679899973388,-0.2046294076264745,-1.286100028582106,1030,0
-0.6525825730576832,-0.37448199452679354,0.46495778063476734,-0.2046294076264745,0.16882941488097794,676,2
-0.6522060827184986,-1.1034341359265982,0.7932264656752891,-0.2046294076264745,-1.2623522053336014,678,2
0.45580498550212645,-1.4959468274495697,2.4631149939248997,-0.2046294076264745,-1.0704990452614846,1708,1
-0.21328680001806,-1.0473608942804593,-0.7339365473393122,-0.2046294076264745,-1.1666347498350635,1193,0
-0.7232258512465248,0.41054338851914984,-1.361928814373354,-0.2046294076264745,-0.914235545746554,574,2
0.13804713923022455,1.4198617381496486,-0.06312662573476768,-0.2046294076264745,1.0071827433759721,1505,1
0.9565371366178014,-0.26233551123451593,-0.7624816503863141,-0.2046294076264745,0.3918382821257954,1900,1
-0.2886190942494749,0.41054338851914984,0.5934107443462758,-0.2046294076264745,0.07364311004828997,1112,0
-0.8321684648487936,-0.7109214444036265,0.6362283989167787,-0.2046294076264745,0.4792010199044918,373,2
2.0065686926039796,0.46661663016528865,0.13668909559424558,-0.2046294076264745,-0.710971627167025,2126,1
-0.7798705340965891,-0.9912876526343205,0.2651420593057541,-0.2046294076264745,-1.276985791069552,469,2
1.6130336089725357,1.0834222882728155,-0.9480248201918264,-0.2046294076264745,0.4482044013370219,2060,1
-0.40399627001235533,-1.159507377572737,-0.006036419640763895,-0.2046294076264745,-1.2070663490707942,991,0
0.4389655994222283,-1.2155806192188758,-1.033660129332832,-0.2046294076264745,-1.2136556964616274,1697,1
-0.11745289549831371,1.0834222882728155,-0.9194797171448245,-0.2046294076264745,-0.69342569357726,1280,0
-0.631909830796995,-0.4866284778190712,-1.5331994326553653,-0.2046294076264745,0.421505741056018,704,2
-0.981053280799114,-0.15018902794223832,-1.105022886950337,-0.2046294076264745,0.7097973872407006,67,2
1.9423942029702208,-1.159507377572737,0.5934107443462758,-0.2046294076264745,1.0736073679501528,2113,1
-0.49852957154219085,0.35447014687301104,-0.8052993049568169,-0.2046294076264745,0.6204434759513787,885,0
-0.09332328739602037,-1.1034341359265982,-0.2201246924932781,-0.2046294076264745,-1.081363257431573,1297,0
-0.17539818133828886,0.5226898718114275,-1.3762013658968548,-0.2046294076264745,-0.944739502826859,1228,0
0.13411110386602057,-1.2716538608650145,-0.2772148985872819,-0.2046294076264745,-0.15733814907476643,1504,1
-0.12392168405339654,0.2983969052268722,-0.33430510468128566,-0.2046294076264745,0.41627377870013454,1274,0
-0.6765752755820911,1.5880814630880649,0.46495778063476734,-0.2046294076264745,-0.5325537564011394,641,2
0.35264663256551376,-0.7109214444036265,-1.333383711326352,-0.2046294076264745,1.0076189540677332,1651,1
0.38954268580561624,-1.0473608942804593,0.008236131882737053,-0.2046294076264745,-1.107669328089992,1666,1
-0.318396057439539,0.41054338851914984,-0.39139531077528944,-0.2046294076264745,1.0484662364332595,1080,0
0.4240771178271962,0.46661663016528865,0.3507773684467598,-0.2046294076264745,0.7503932069721531,1684,1
-0.35690075121979425,-1.4959468274495697,2.3632071332603934,-0.2046294076264745,-1.034498833464994,1037,0
0.27170120964079947,-0.5987749611113489,-0.791026753433316,-0.2046294076264745,-0.3337186593156048,1599,1
-0.8336059734165899,-0.9352144109881817,-1.4618366750378604,-0.2046294076264745,-1.0706478700857325,368,2
-0.9568209935134065,0.6909095967498439,-0.7624816503863141,-0.2046294076264745,0.3491999699788045,121,2
0.3797881633812848,0.18625042193459457,0.564865641299274,-0.2046294076264745,-0.670983936458792,1661,1
-0.4639609131261395,1.0834222882728155,1.4497638357563327,-0.2046294076264745,1.1457720120388553,917,0
-0.45297424050084,0.24232366358073337,-1.3048386082793502,-0.2046294076264745,0.5730325056474759,929,0
1.9140889747424243,-0.4866284778190712,0.4364126775877655,-0.2046294076264745,0.8894212522720426,2108,1
0.46631248860482716,1.1394955299189544,-1.1763856445678416,-0.2046294076264745,1.0006318851638243,1717,1
-0.09048249665489919,0.018030696996178132,-0.4627580683927942,-0.2046294076264745,0.44893312978678696,1302,0
0.03430693758759908,1.7002279463803425,0.6076832958697769,-0.2046294076264745,-0.7853327203860053,1415,0
0.17288960880204665,-1.3277271025111534,0.8788617748162948,-0.2046294076264745,-0.827670816939255,1532,1
0.8903090633157623,-1.0473608942804593,-0.24866979554028,-0.2046294076264745,-0.9812067166580581,1885,1
0.09564063648023682,1.3637884965035096,-0.4484855168692932,-0.2046294076264745,2.223048200192198,1463,1
-0.2116097066889644,0.46661663016528865,0.7075911565342834,-0.2046294076264745,-0.2547183370924865,1196,0
1.0469290444166048,-0.03804254464996068,-1.333383711326352,-0.2046294076264745,1.3866449900838984,1930,1
-0.09380245691861906,-0.7669946860497653,-1.105022886950337,-0.2046294076264745,0.07737142849022176,1295,0
-0.5964855125191603,0.8030560800421215,-1.1335679899973388,-0.2046294076264745,2.1628280312220025,757,0
0.9565029102233301,-0.31840875288065473,-0.7196639958158112,-0.2046294076264745,0.03911575082280354,1899,1
-0.7030665049029067,0.8591293216882603,-0.3771227592517885,-0.2046294076264745,0.4680391580859078,598,2
1.9117273535239023,-0.6548482027574877,-0.14876193487577336,-0.2046294076264745,1.94430700221183,2107,1
-0.15784004097449247,0.18625042193459457,0.8217715687222911,-0.2046294076264745,-1.2467127690613555,1242,0
-0.9207806001350878,0.6348363551037051,0.3793224714937617,-0.2046294076264745,-0.4440440410976366,205,2
-0.3822625095230557,-1.2155806192188758,-1.4332915719908585,-0.2046294076264745,-0.8561348475492672,1014,0
-0.18679557069724437,-1.159507377572737,-0.3771227592517885,-0.2046294076264745,-1.2784021928451514,1219,0
0.7161651682455945,1.0834222882728155,-0.9052071656213235,-0.2046294076264745,1.6315388043288777,1830,1
0.054877000664873186,1.5880814630880649,0.46495778063476734,-0.2046294076264745,0.5081192228229844,1431,1
1.6762497595610968,-1.1034341359265982,-1.1478405415208397,-0.2046294076264745,-1.2348786295884109,2072,1
-0.6040495456973258,1.307715254857371,0.550593089775773,-0.2046294076264745,2.0212802276908834,746,0
-0.9438149636142983,-0.9352144109881817,-1.276293505232348,-0.2046294076264745,-1.0420735038301572,153,2
0.7471058288476844,-0.8791411693420429,-1.1763856445678416,-0.2046294076264745,-0.9554420604464713,1841,1
-0.42189667432086514,-1.439873585803431,-1.1906581960913425,-0.2046294076264745,-1.0228776674474385,971,0
0.2016055537634992,0.13017718028845576,-0.9622973717153274,-0.2046294076264745,-0.6742555166469977,1554,1
-0.3913325040579603,-1.3277271025111534,-0.6483012381983065,-0.2046294076264745,-1.2768190046285846,1003,0
-0.9497361298578396,1.81237442967262,-0.47703061991629514,-0.2046294076264745,-0.31922106867767386,137,2
-0.9770830190404387,1.7563011880264814,-0.6054835836278036,-0.2046294076264745,-0.052396120418111564,79,2
-0.22430769903783082,-0.4305552361729324,-0.9765699232388283,-0.2046294076264745,0.40450378785833113,1182,0
-0.1458608029095242,0.018030696996178132,0.46495778063476734,-0.2046294076264745,0.28338860631833473,1253,0
-0.3473858135567623,-0.9912876526343205,0.3793224714937617,-0.2046294076264745,1.1047476794513795,1048,0
-0.9481274893176869,-1.2716538608650145,-0.8623895110508207,-0.2046294076264745,-1.0684745144626655,144,2
-0.1487015936506452,0.18625042193459457,-1.047932680856333,-0.2046294076264745,-0.673878322695887,1248,0
-0.021208274244911243,0.6909095967498439,0.22232440473525125,-0.2046294076264745,0.5206538653479917,1357,0
-0.8592757692700934,0.5787631134575663,-0.7339365473393122,-0.2046294076264745,-0.9110486417514548,316,2
-0.9484697532624001,0.35447014687301104,-0.6768463412453084,-0.2046294076264745,0.054806505999962354,142,2
-0.23128988350998375,1.9245209129648977,0.06532633797674084,-0.2046294076264745,-0.1661034180339119,1170,0
0.9033150932148709,1.1394955299189544,-1.3762013658968548,-0.2046294076264745,1.7026129216881785,1888,1
0.6689669702696196,0.46661663016528865,1.663852108608847,-0.2046294076264745,0.5951843109531852,1807,1
-0.33896612051681313,-0.9912876526343205,-0.505575722963297,-0.2046294076264745,-1.0051752111976888,1053,0
-0.9931351980474963,1.1394955299189544,2.234754169548885,-0.2046294076264745,-0.37944380359311447,39,2
